1,v01,JGD2000,2016/08/05 15:30:00,20160805150000,99,[gis][pga][al][ah][sinj],jshis,M1,4531
2,131.049999,30.608333,131.053126,30.610416,4.5,116.071148,4531703411,0,0,0
2,131.049999,30.625000,131.053126,30.627083,4.5,101.620154,4531705411,0,0,0
2,131.046876,30.643750,131.050000,30.645833,4.5,110.706756,4531707324,0,0.000005,0
2,131.000001,30.552083,131.003125,30.554166,4.4,98.922843,4531606013,0,0,0
2,131.003124,30.552083,131.006251,30.554166,4.4,88.132029,4531606014,0,0,0
2,131.000001,30.554166,131.003125,30.556250,4.4,95.817658,4531606031,0,0,0
2,131.031251,30.579166,131.034375,30.581250,4.4,99.539904,4531609241,0,0,0
2,131.031251,30.587500,131.034375,30.589583,4.4,89.898363,4531700241,0,0,0
2,131.000001,30.547916,131.003125,30.550000,4.3,73.470408,4531605033,0,0,0
2,131.003124,30.547916,131.006251,30.550000,4.3,82.241856,4531605034,0,0,0
2,131.003124,30.550000,131.006251,30.552083,4.3,80.304477,4531606012,0,0,0
2,131.000001,30.556250,131.003125,30.558333,4.3,90.387726,4531606033,0,0,0
2,131.015626,30.550000,131.018750,30.552083,4.3,78.656966,4531606112,0,0,0
2,131.049999,30.597916,131.053126,30.600000,4.3,89.151374,4531701433,0,0,0
2,131.049999,30.610416,131.053126,30.612500,4.3,77.771126,4531703413,0,0,0
2,131.046876,30.625000,131.050000,30.627083,4.3,89.944088,4531705322,0,0,0
2,131.046876,30.627083,131.050000,30.629166,4.3,85.535442,4531705324,0,0,0
2,131.053126,30.629166,131.056251,30.631250,4.3,89.074488,4531705432,0,0,0
2,131.056251,30.637500,131.059375,30.639583,4.3,76.916328,4531706441,0,0,0
2,131.040626,30.643750,131.043750,30.645833,4.3,88.357222,4531707314,0,0,0
2,131.043750,30.643750,131.046876,30.645833,4.3,78.762018,4531707323,0,0,0
2,131.043750,30.645833,131.046876,30.647916,4.3,81.477308,4531707341,0,0,0
2,131.046876,30.647916,131.050000,30.650000,4.3,84.192599,4531707344,0,0,0
2,131.053126,30.645833,131.056251,30.647916,4.3,89.425001,4531707432,0,0,0
2,131.049999,30.652083,131.053126,30.654166,4.3,91.270691,4531708413,0,0,0
2,131.049999,30.654166,131.053126,30.656250,4.3,76.443085,4531708431,0,0,0
2,131.049999,30.656250,131.053126,30.658333,4.3,89.577335,4531708433,0,0,0
2,131.053126,30.662500,131.056251,30.664583,4.3,82.651577,4531709432,0,0,0
2,131.053126,30.664583,131.056251,30.666666,4.3,86.190623,4531709434,0,0,0
2,131.018749,30.547916,131.021876,30.550000,4.2,80.196647,4531605143,0,0,0
2,131.000001,30.550000,131.003125,30.552083,4.2,79.938897,4531606011,0,0,0
2,131.006251,30.550000,131.009376,30.552083,4.2,79.206412,4531606021,0,0,0
2,131.006251,30.552083,131.009376,30.554166,4.2,77.483693,4531606023,0,0,0
2,131.003124,30.554166,131.006251,30.556250,4.2,67.228908,4531606032,0,0,0
2,131.012500,30.556250,131.015626,30.558333,4.2,78.907898,4531606133,0,0,0
2,131.031251,30.554166,131.034375,30.556250,4.2,72.098551,4531606241,0,0,0
2,131.031251,30.556250,131.034375,30.558333,4.2,76.710444,4531606243,0,0,0
2,131.000001,30.558333,131.003125,30.560416,4.2,77.185179,4531607011,0,0,0
2,131.003124,30.558333,131.006251,30.560416,4.2,68.653113,4531607012,0,0,0
2,131.006251,30.558333,131.009376,30.560416,4.2,76.452694,4531607021,0,0,0
2,131.009376,30.558333,131.012500,30.560416,4.2,67.920628,4531607022,0,0,0
2,131.012500,30.558333,131.015626,30.560416,4.2,75.72021,4531607111,0,0,0
2,131.028125,30.587500,131.031251,30.589583,4.2,79.61278,4531700232,0,0,0
2,131.043750,30.593750,131.046876,30.595833,4.2,70.7822,4531701323,0,0,0
2,131.046876,30.595833,131.050000,30.597916,4.2,66.862027,4531701342,0,0,0
2,131.049999,30.600000,131.053126,30.602083,4.2,75.353328,4531702411,0,0,0
2,131.049999,30.602083,131.053126,30.604166,4.2,79.232737,4531702413,0,0,0
2,131.049999,30.604166,131.053126,30.606250,4.2,74.580079,4531702431,0,0,0
2,131.053126,30.604166,131.056251,30.606250,4.2,66.048013,4531702432,0,0,0
2,131.049999,30.606250,131.053126,30.608333,4.2,69.927421,4531702433,0,0,0
2,131.053126,30.606250,131.056251,30.608333,4.2,77.727003,4531702434,0,0,0
2,131.040626,30.608333,131.043750,30.610416,4.2,74.539314,4531703312,0,0,0
2,131.043750,30.608333,131.046876,30.610416,4.2,66.007248,4531703321,0,0,0
2,131.046876,30.608333,131.050000,30.610416,4.2,73.80683,4531703322,0,0,0
2,131.046876,30.610416,131.050000,30.612500,4.2,77.686238,4531703324,0,0,0
2,131.046876,30.612500,131.050000,30.614583,4.2,73.766065,4531703342,0,0,0
2,131.046876,30.614583,131.050000,30.616666,4.2,77.645473,4531703344,0,0,0
2,131.049999,30.612500,131.053126,30.614583,4.2,81.565646,4531703431,0,0,0
2,131.053126,30.612500,131.056251,30.614583,4.2,73.03358,4531703432,0,0,0
2,131.049999,30.614583,131.053126,30.616666,4.2,69.113407,4531703433,0,0,0
2,131.053126,30.614583,131.056251,30.616666,4.2,76.912989,4531703434,0,0,0
2,131.046876,30.620833,131.050000,30.622916,4.2,72.219566,4531704342,0,0,0
2,131.046876,30.622916,131.050000,30.625000,4.2,76.098975,4531704344,0,0,0
2,131.049999,30.616666,131.053126,30.618750,4.2,72.992816,4531704411,0,0,0
2,131.049999,30.618750,131.053126,30.620833,4.2,68.340158,4531704413,0,0,0
2,131.049999,30.620833,131.053126,30.622916,4.2,80.019148,4531704431,0,0,0
2,131.049999,30.622916,131.053126,30.625000,4.2,67.566909,4531704433,0,0,0
2,131.043750,30.629166,131.046876,30.631250,4.2,72.138037,4531705341,0,0,0
2,131.049999,30.627083,131.053126,30.629166,4.2,67.526144,4531705413,0,0,0
2,131.049999,30.629166,131.053126,30.631250,4.2,71.405553,4531705431,0,0,0
2,131.049999,30.631250,131.053126,30.633333,4.2,75.284961,4531705433,0,0,0
2,131.053126,30.631250,131.056251,30.633333,4.2,66.752895,4531705434,0,0,0
2,131.046876,30.639583,131.050000,30.641666,4.2,72.273493,4531706344,0,0,0
2,131.049999,30.633333,131.053126,30.635416,4.2,70.632303,4531706411,0,0,0
2,131.053126,30.633333,131.056251,30.635416,4.2,78.431885,4531706412,0,0,0
2,131.049999,30.635416,131.053126,30.637500,4.2,65.979646,4531706413,0,0,0
2,131.053126,30.635416,131.056251,30.637500,4.2,73.779227,4531706414,0,0,0
2,131.049999,30.637500,131.053126,30.639583,4.2,69.126569,4531706431,0,0,0
2,131.053126,30.637500,131.056251,30.639583,4.2,76.926151,4531706432,0,0,0
2,131.049999,30.639583,131.053126,30.641666,4.2,80.073075,4531706433,0,0,0
2,131.053126,30.639583,131.056251,30.641666,4.2,71.541009,4531706434,0,0,0
2,131.056251,30.639583,131.059375,30.641666,4.2,79.34059,4531706443,0,0,0
2,131.040626,30.641666,131.043750,30.643750,4.2,67.620836,4531707312,0,0,0
2,131.037501,30.643750,131.040626,30.645833,4.2,70.767759,4531707313,0,0,0
2,131.043750,30.641666,131.046876,30.643750,4.2,75.420417,4531707321,0,0,0
2,131.046876,30.641666,131.050000,30.643750,4.2,66.888351,4531707322,0,0,0
2,131.040626,30.645833,131.043750,30.647916,4.2,80.98178,4531707332,0,0,0
2,131.040626,30.647916,131.043750,30.650000,4.2,75.596637,4531707334,0,0,0
2,131.043750,30.647916,131.046876,30.650000,4.2,67.064571,4531707343,0,0,0
2,131.049999,30.641666,131.053126,30.643750,4.2,74.687932,4531707411,0,0,0
2,131.053126,30.641666,131.056251,30.643750,4.2,66.155866,4531707412,0,0,0
2,131.049999,30.643750,131.053126,30.645833,4.2,69.30279,4531707413,0,0,0
2,131.053126,30.643750,131.056251,30.645833,4.2,77.102371,4531707414,0,0,0
2,131.056251,30.641666,131.059375,30.643750,4.2,73.955448,4531707421,0,0,0
2,131.056251,30.643750,131.059375,30.645833,4.2,68.570305,4531707423,0,0,0
2,131.049999,30.645833,131.053126,30.647916,4.2,71.717229,4531707431,0,0,0
2,131.003124,30.652083,131.006251,30.654166,4.2,78.485811,4531708014,0,0,0
2,131.006251,30.652083,131.009376,30.654166,4.2,69.953745,4531708023,0,0,0
2,131.003124,30.654166,131.006251,30.656250,4.2,81.632735,4531708032,0,0,0
2,131.003124,30.656250,131.006251,30.658333,4.2,76.980077,4531708034,0,0,0
2,131.006251,30.654166,131.009376,30.656250,4.2,73.100669,4531708041,0,0,0
2,131.006251,30.656250,131.009376,30.658333,4.2,68.448011,4531708043,0,0,0
2,131.040626,30.652083,131.043750,30.654166,4.2,74.090903,4531708314,0,0,0
2,131.043750,30.650000,131.046876,30.652083,4.2,78.743561,4531708321,0,0,0
2,131.046876,30.650000,131.050000,30.652083,4.2,70.211495,4531708322,0,0,0
2,131.043750,30.652083,131.046876,30.654166,4.2,65.558837,4531708323,0,0,0
2,131.046876,30.652083,131.050000,30.654166,4.2,73.358419,4531708324,0,0,0
2,131.040626,30.654166,131.043750,30.656250,4.2,77.237827,4531708332,0,0,0
2,131.040626,30.656250,131.043750,30.658333,4.2,72.58517,4531708334,0,0,0
2,131.043750,30.654166,131.046876,30.656250,4.2,68.705761,4531708341,0,0,0
2,131.046876,30.654166,131.050000,30.656250,4.2,76.505343,4531708342,0,0,0
2,131.043750,30.656250,131.046876,30.658333,4.2,80.384751,4531708343,0,0,0
2,131.046876,30.656250,131.050000,30.658333,4.2,71.852685,4531708344,0,0,0
2,131.049999,30.650000,131.053126,30.652083,4.2,78.011076,4531708411,0,0,0
2,131.000001,30.658333,131.003125,30.660416,4.2,80.859486,4531709011,0,0,0
2,131.003124,30.658333,131.006251,30.660416,4.2,72.32742,4531709012,0,0,0
2,131.000001,30.660416,131.003125,30.662500,4.2,76.206828,4531709013,0,0,0
2,131.003124,30.660416,131.006251,30.662500,4.2,67.674762,4531709014,0,0,0
2,131.006251,30.660416,131.009376,30.662500,4.2,75.474344,4531709023,0,0,0
2,131.003124,30.662500,131.006251,30.664583,4.2,79.353752,4531709032,0,0,0
2,131.006251,30.662500,131.009376,30.664583,4.2,70.821686,4531709041,0,0,0
2,131.043750,30.658333,131.046876,30.660416,4.2,75.732093,4531709321,0,0,0
2,131.046876,30.658333,131.050000,30.660416,4.2,67.200027,4531709322,0,0,0
2,131.043750,30.660416,131.046876,30.662500,4.2,71.079436,4531709323,0,0,0
2,131.046876,30.660416,131.050000,30.662500,4.2,78.879017,4531709324,0,0,0
2,131.043750,30.662500,131.046876,30.664583,4.2,66.426778,4531709341,0,0,0
2,131.046876,30.662500,131.050000,30.664583,4.2,74.226359,4531709342,0,0,0
2,131.046876,30.664583,131.050000,30.666666,4.2,77.373283,4531709344,0,0,0
2,131.049999,30.658333,131.053126,30.660416,4.2,74.999609,4531709411,0,0,0
2,131.049999,30.660416,131.053126,30.662500,4.2,70.346951,4531709413,0,0,0
2,131.049999,30.662500,131.053126,30.664583,4.2,65.694293,4531709431,0,0,0
2,131.049999,30.664583,131.053126,30.666666,4.2,68.841217,4531709433,0,0,0
2,131.009376,30.550000,131.012500,30.552083,4.1,62.843708,4531606022,0,0,0
2,131.009376,30.552083,131.012500,30.554166,4.1,61.311864,4531606024,0,0,0
2,131.003124,30.556250,131.006251,30.558333,4.1,63.880921,4531606034,0,0,0
2,131.006251,30.554166,131.009376,30.556250,4.1,66.715417,4531606041,0,0,0
2,131.009376,30.554166,131.012500,30.556250,4.1,59.128694,4531606042,0,0,0
2,131.006251,30.556250,131.009376,30.558333,4.1,70.816317,4531606043,0,0,0
2,131.009376,30.556250,131.012500,30.558333,4.1,63.229595,4531606044,0,0,0
2,131.012500,30.550000,131.015626,30.552083,4.1,69.779104,4531606111,0,0,0
2,131.012500,30.552083,131.015626,30.554166,4.1,68.247261,4531606113,0,0,0
2,131.021876,30.552083,131.025001,30.554166,4.1,60.009212,4531606124,0,0,0
2,131.012500,30.554166,131.015626,30.556250,4.1,66.064091,4531606131,0,0,0
2,131.015626,30.554166,131.018750,30.556250,4.1,58.477368,4531606132,0,0,0
2,131.015626,30.556250,131.018750,30.558333,4.1,62.578269,4531606134,0,0,0
2,131.021876,30.556250,131.025001,30.558333,4.1,61.926942,4531606144,0,0,0
2,131.025001,30.554166,131.028125,30.556250,4.1,64.761438,4531606231,0,0,0
2,131.028125,30.554166,131.031251,30.556250,4.1,71.696835,4531606232,0,0,0
2,131.025001,30.556250,131.028125,30.558333,4.1,68.862339,4531606233,0,0,0
2,131.028125,30.556250,131.031251,30.558333,4.1,61.275616,4531606234,0,0,0
2,131.000001,30.560416,131.003125,30.562500,4.1,58.863255,4531607013,0,0,0
2,131.003124,30.560416,131.006251,30.562500,4.1,65.798651,4531607014,0,0,0
2,131.006251,30.560416,131.009376,30.562500,4.1,58.211929,4531607023,0,0,0
2,131.009376,30.560416,131.012500,30.562500,4.1,65.147325,4531607024,0,0,0
2,131.000001,30.562500,131.003125,30.564583,4.1,63.615482,4531607031,0,0,0
2,131.003124,30.562500,131.006251,30.564583,4.1,70.550878,4531607032,0,0,0
2,131.000001,30.564583,131.003125,30.566666,4.1,68.367708,4531607033,0,0,0
2,131.003124,30.564583,131.006251,30.566666,4.1,60.780986,4531607034,0,0,0
2,131.006251,30.562500,131.009376,30.564583,4.1,62.964155,4531607041,0,0,0
2,131.009376,30.562500,131.012500,30.564583,4.1,69.899552,4531607042,0,0,0
2,131.006251,30.564583,131.009376,30.566666,4.1,67.716382,4531607043,0,0,0
2,131.009376,30.564583,131.012500,30.566666,4.1,60.129659,4531607044,0,0,0
2,131.015626,30.558333,131.018750,30.560416,4.1,59.743773,4531607112,0,0,0
2,131.012500,30.560416,131.015626,30.562500,4.1,72.082722,4531607113,0,0,0
2,131.015626,30.560416,131.018750,30.562500,4.1,64.495999,4531607114,0,0,0
2,131.021876,30.558333,131.025001,30.560416,4.1,59.092446,4531607122,0,0,0
2,131.021876,30.560416,131.025001,30.562500,4.1,63.844673,4531607124,0,0,0
2,131.012500,30.562500,131.015626,30.564583,4.1,62.312829,4531607131,0,0,0
2,131.015626,30.562500,131.018750,30.564583,4.1,69.248226,4531607132,0,0,0
2,131.012500,30.564583,131.015626,30.566666,4.1,67.065056,4531607133,0,0,0
2,131.015626,30.564583,131.018750,30.566666,4.1,59.478333,4531607134,0,0,0
2,131.018749,30.562500,131.021876,30.564583,4.1,61.661503,4531607141,0,0,0
2,131.021876,30.562500,131.025001,30.564583,4.1,68.5969,4531607142,0,0,0
2,131.018749,30.564583,131.021876,30.566666,4.1,66.41373,4531607143,0,0,0
2,131.025001,30.558333,131.028125,30.560416,4.1,66.027843,4531607211,0,0,0
2,131.028125,30.558333,131.031251,30.560416,4.1,58.44112,4531607212,0,0,0
2,131.028125,30.560416,131.031251,30.562500,4.1,63.193347,4531607214,0,0,0
2,131.025001,30.562500,131.028125,30.564583,4.1,61.010177,4531607231,0,0,0
2,131.028125,30.562500,131.031251,30.564583,4.1,67.945573,4531607232,0,0,0
2,131.025001,30.564583,131.028125,30.566666,4.1,65.762404,4531607233,0,0,0
2,131.028125,30.564583,131.031251,30.566666,4.1,58.175681,4531607234,0,0,0
2,131.031251,30.562500,131.034375,30.564583,4.1,60.358851,4531607241,0,0,0
2,131.031251,30.564583,131.034375,30.566666,4.1,65.111077,4531607243,0,0,0
2,131.034374,30.564583,131.037501,30.566666,4.1,72.046474,4531607244,0,0,0
2,131.000001,30.566666,131.003125,30.568750,4.1,65.533212,4531608011,0,0,0
2,131.003124,30.566666,131.006251,30.568750,4.1,72.468609,4531608012,0,0,0
2,131.000001,30.568750,131.003125,30.570833,4.1,62.698716,4531608013,0,0,0
2,131.003124,30.568750,131.006251,30.570833,4.1,69.634113,4531608014,0,0,0
2,131.006251,30.566666,131.009376,30.568750,4.1,64.881886,4531608021,0,0,0
2,131.009376,30.566666,131.012500,30.568750,4.1,71.817282,4531608022,0,0,0
2,131.006251,30.568750,131.009376,30.570833,4.1,62.04739,4531608023,0,0,0
2,131.009376,30.568750,131.012500,30.570833,4.1,68.982786,4531608024,0,0,0
2,131.000001,30.570833,131.003125,30.572916,4.1,60.515546,4531608031,0,0,0
2,131.003124,30.570833,131.006251,30.572916,4.1,67.450943,4531608032,0,0,0
2,131.000001,30.572916,131.003125,30.575000,4.1,58.332376,4531608033,0,0,0
2,131.003124,30.572916,131.006251,30.575000,4.1,65.267773,4531608034,0,0,0
2,131.006251,30.570833,131.009376,30.572916,4.1,59.86422,4531608041,0,0,0
2,131.009376,30.570833,131.012500,30.572916,4.1,66.799617,4531608042,0,0,0
2,131.006251,30.572916,131.009376,30.575000,4.1,72.203169,4531608043,0,0,0
2,131.009376,30.572916,131.012500,30.575000,4.1,64.616447,4531608044,0,0,0
2,131.012500,30.566666,131.015626,30.568750,4.1,64.23056,4531608111,0,0,0
2,131.015626,30.566666,131.018750,30.568750,4.1,71.165956,4531608112,0,0,0
2,131.012500,30.568750,131.015626,30.570833,4.1,61.396064,4531608113,0,0,0
2,131.015626,30.568750,131.018750,30.570833,4.1,68.33146,4531608114,0,0,0
2,131.018749,30.566666,131.021876,30.568750,4.1,63.579234,4531608121,0,0,0
2,131.018749,30.568750,131.021876,30.570833,4.1,60.744738,4531608123,0,0,0
2,131.012500,30.570833,131.015626,30.572916,4.1,59.212894,4531608131,0,0,0
2,131.015626,30.570833,131.018750,30.572916,4.1,66.14829,4531608132,0,0,0
2,131.012500,30.572916,131.015626,30.575000,4.1,71.551843,4531608133,0,0,0
2,131.015626,30.572916,131.018750,30.575000,4.1,63.96512,4531608134,0,0,0
2,131.018749,30.570833,131.021876,30.572916,4.1,58.561568,4531608141,0,0,0
2,131.021876,30.570833,131.025001,30.572916,4.1,65.496964,4531608142,0,0,0
2,131.018749,30.572916,131.021876,30.575000,4.1,70.900517,4531608143,0,0,0
2,131.031251,30.566666,131.034375,30.568750,4.1,62.276581,4531608221,0,0,0
2,131.034374,30.566666,131.037501,30.568750,4.1,69.211978,4531608222,0,0,0
2,131.034374,30.572916,131.037501,30.575000,4.1,62.011142,4531608244,0,0,0
2,131.000001,30.575000,131.003125,30.577083,4.1,63.084603,4531609011,0,0,0
2,131.003124,30.575000,131.006251,30.577083,4.1,70.019999,4531609012,0,0,0
2,131.000001,30.577083,131.003125,30.579166,4.1,60.901433,4531609013,0,0,0
2,131.003124,30.577083,131.006251,30.579166,4.1,67.83683,4531609014,0,0,0
2,131.006251,30.575000,131.009376,30.577083,4.1,62.433277,4531609021,0,0,0
2,131.009376,30.575000,131.012500,30.577083,4.1,69.368673,4531609022,0,0,0
2,131.006251,30.577083,131.009376,30.579166,4.1,60.250107,4531609023,0,0,0
2,131.000001,30.579166,131.003125,30.581250,4.1,58.718263,4531609031,0,0,0
2,131.003124,30.579166,131.006251,30.581250,4.1,65.65366,4531609032,0,0,0
2,131.000001,30.581250,131.003125,30.583333,4.1,71.057212,4531609033,0,0,0
2,131.003124,30.581250,131.006251,30.583333,4.1,63.47049,4531609034,0,0,0
2,131.006251,30.579166,131.009376,30.581250,4.1,72.589056,4531609041,0,0,0
2,131.012500,30.575000,131.015626,30.577083,4.1,61.781951,4531609111,0,0,0
2,131.015626,30.575000,131.018750,30.577083,4.1,68.717347,4531609112,0,0,0
2,131.012500,30.577083,131.015626,30.579166,4.1,59.598781,4531609113,0,0,0
2,131.015626,30.577083,131.018750,30.579166,4.1,66.534177,4531609114,0,0,0
2,131.018749,30.575000,131.021876,30.577083,4.1,61.130624,4531609121,0,0,0
2,131.018749,30.577083,131.021876,30.579166,4.1,58.947455,4531609123,0,0,0
2,131.012500,30.579166,131.015626,30.581250,4.1,71.93773,4531609131,0,0,0
2,131.015626,30.579166,131.018750,30.581250,4.1,64.351007,4531609132,0,0,0
2,131.012500,30.581250,131.015626,30.583333,4.1,69.75456,4531609133,0,0,0
2,131.015626,30.581250,131.018750,30.583333,4.1,62.167837,4531609134,0,0,0
2,131.034374,30.575000,131.037501,30.577083,4.1,66.763369,4531609222,0,0,0
2,131.034374,30.577083,131.037501,30.579166,4.1,64.580199,4531609224,0,0,0
2,131.034374,30.579166,131.037501,30.581250,4.1,62.397029,4531609242,0,0,0
2,131.000001,30.583333,131.003125,30.585416,4.1,69.525369,4531700011,0,0,0
2,131.003124,30.583333,131.006251,30.585416,4.1,61.938646,4531700012,0,0,0
2,131.000001,30.585416,131.003125,30.587500,4.1,67.993525,4531700013,0,0,0
2,131.009376,30.583333,131.012500,30.585416,4.1,61.28732,4531700022,0,0,0
2,131.009376,30.585416,131.012500,30.587500,4.1,59.755476,4531700024,0,0,0
2,131.000001,30.589583,131.003125,30.591666,4.1,64.929838,4531700033,0,0,0
2,131.003124,30.589583,131.006251,30.591666,4.1,71.865234,4531700034,0,0,0
2,131.009376,30.587500,131.012500,30.589583,4.1,58.223633,4531700042,0,0,0
2,131.006251,30.589583,131.009376,30.591666,4.1,64.278511,4531700043,0,0,0
2,131.009376,30.589583,131.012500,30.591666,4.1,71.213908,4531700044,0,0,0
2,131.015626,30.583333,131.018750,30.585416,4.1,60.635994,4531700112,0,0,0
2,131.012500,30.585416,131.015626,30.587500,4.1,66.690873,4531700113,0,0,0
2,131.015626,30.585416,131.018750,30.587500,4.1,59.10415,4531700114,0,0,0
2,131.018749,30.585416,131.021876,30.587500,4.1,66.039547,4531700123,0,0,0
2,131.012500,30.587500,131.015626,30.589583,4.1,65.159029,4531700131,0,0,0
2,131.015626,30.587500,131.018750,30.589583,4.1,72.094425,4531700132,0,0,0
2,131.012500,30.589583,131.015626,30.591666,4.1,63.627185,4531700133,0,0,0
2,131.015626,30.589583,131.018750,30.591666,4.1,70.562582,4531700134,0,0,0
2,131.000001,30.591666,131.003125,30.593750,4.1,62.746668,4531701011,0,0,0
2,131.003124,30.591666,131.006251,30.593750,4.1,69.682064,4531701012,0,0,0
2,131.000001,30.593750,131.003125,30.595833,4.1,67.498894,4531701013,0,0,0
2,131.003124,30.593750,131.006251,30.595833,4.1,59.912172,4531701014,0,0,0
2,131.006251,30.591666,131.009376,30.593750,4.1,62.095342,4531701021,0,0,0
2,131.009376,30.591666,131.012500,30.593750,4.1,69.030738,4531701022,0,0,0
2,131.012500,30.591666,131.015626,30.593750,4.1,61.444015,4531701111,0,0,0
2,131.015626,30.597916,131.018750,30.600000,4.1,66.81132,4531701134,0,0,0
2,131.018749,30.595833,131.021876,30.597916,4.1,69.645816,4531701141,0,0,0
2,131.018749,30.597916,131.021876,30.600000,4.1,59.224598,4531701143,0,0,0
2,131.021876,30.597916,131.025001,30.600000,4.1,66.159994,4531701144,0,0,0
2,131.040626,30.593750,131.043750,30.595833,4.1,70.526334,4531701314,0,0,0
2,131.046876,30.593750,131.050000,30.595833,4.1,69.875008,4531701324,0,0,0
2,131.037501,30.595833,131.040626,30.597916,4.1,67.691838,4531701331,0,0,0
2,131.040626,30.595833,131.043750,30.597916,4.1,60.105115,4531701332,0,0,0
2,131.040626,30.597916,131.043750,30.600000,4.1,64.206016,4531701334,0,0,0
2,131.043750,30.595833,131.046876,30.597916,4.1,67.040512,4531701341,0,0,0
2,131.043750,30.597916,131.046876,30.600000,4.1,71.141412,4531701343,0,0,0
2,131.046876,30.597916,131.050000,30.600000,4.1,63.554689,4531701344,0,0,0
2,131.000001,30.600000,131.003125,30.602083,4.1,72.214873,4531702011,0,0,0
2,131.000001,30.606250,131.003125,30.608333,4.1,67.390151,4531702033,0,0,0
2,131.003124,30.606250,131.006251,30.608333,4.1,59.803428,4531702034,0,0,0
2,131.006251,30.606250,131.009376,30.608333,4.1,66.738824,4531702043,0,0,0
2,131.009376,30.606250,131.012500,30.608333,4.1,59.152102,4531702044,0,0,0
2,131.015626,30.600000,131.018750,30.602083,4.1,63.325498,4531702112,0,0,0
2,131.018749,30.600000,131.021876,30.602083,4.1,70.260895,4531702121,0,0,0
2,131.021876,30.600000,131.025001,30.602083,4.1,62.674172,4531702122,0,0,0
2,131.031251,30.602083,131.034375,30.604166,4.1,72.407816,4531702223,0,0,0
2,131.037501,30.600000,131.040626,30.602083,4.1,68.306916,4531702311,0,0,0
2,131.040626,30.600000,131.043750,30.602083,4.1,60.720193,4531702312,0,0,0
2,131.037501,30.602083,131.040626,30.604166,4.1,71.75649,4531702313,0,0,0
2,131.040626,30.602083,131.043750,30.604166,4.1,64.169768,4531702314,0,0,0
2,131.046876,30.600000,131.050000,30.602083,4.1,60.068867,4531702322,0,0,0
2,131.043750,30.602083,131.046876,30.604166,4.1,71.105164,4531702323,0,0,0
2,131.046876,30.602083,131.050000,30.604166,4.1,63.518441,4531702324,0,0,0
2,131.043750,30.604166,131.046876,30.606250,4.1,66.968016,4531702341,0,0,0
2,131.046876,30.604166,131.050000,30.606250,4.1,59.381293,4531702342,0,0,0
2,131.046876,30.606250,131.050000,30.608333,4.1,69.766264,4531702344,0,0,0
2,131.053126,30.602083,131.056251,30.604166,4.1,62.867115,4531702414,0,0,0
2,131.000001,30.608333,131.003125,30.610416,4.1,63.253002,4531703011,0,0,0
2,131.003124,30.608333,131.006251,30.610416,4.1,70.188399,4531703012,0,0,0
2,131.000001,30.610416,131.003125,30.612500,4.1,66.702576,4531703013,0,0,0
2,131.003124,30.610416,131.006251,30.612500,4.1,59.115854,4531703014,0,0,0
2,131.000001,30.612500,131.003125,30.614583,4.1,63.216754,4531703031,0,0,0
2,131.003124,30.612500,131.006251,30.614583,4.1,70.152151,4531703032,0,0,0
2,131.000001,30.614583,131.003125,30.616666,4.1,66.666328,4531703033,0,0,0
2,131.012500,30.612500,131.015626,30.614583,4.1,61.914102,4531703131,0,0,0
2,131.015626,30.614583,131.018750,30.616666,4.1,72.299073,4531703134,0,0,0
2,131.034374,30.610416,131.037501,30.612500,4.1,70.381342,4531703224,0,0,0
2,131.028125,30.614583,131.031251,30.616666,4.1,70.99642,4531703234,0,0,0
2,131.034374,30.612500,131.037501,30.614583,4.1,66.89552,4531703242,0,0,0
2,131.034374,30.614583,131.037501,30.616666,4.1,70.345094,4531703244,0,0,0
2,131.037501,30.608333,131.040626,30.610416,4.1,59.345045,4531703311,0,0,0
2,131.037501,30.610416,131.040626,30.612500,4.1,62.794619,4531703313,0,0,0
2,131.040626,30.610416,131.043750,30.612500,4.1,69.730016,4531703314,0,0,0
2,131.043750,30.610416,131.046876,30.612500,4.1,62.143293,4531703323,0,0,0
2,131.037501,30.612500,131.040626,30.614583,4.1,59.308797,4531703331,0,0,0
2,131.040626,30.612500,131.043750,30.614583,4.1,66.244194,4531703332,0,0,0
2,131.037501,30.614583,131.040626,30.616666,4.1,62.758371,4531703333,0,0,0
2,131.040626,30.614583,131.043750,30.616666,4.1,69.693768,4531703334,0,0,0
2,131.043750,30.612500,131.046876,30.614583,4.1,58.657471,4531703341,0,0,0
2,131.043750,30.614583,131.046876,30.616666,4.1,62.107045,4531703343,0,0,0
2,131.000001,30.616666,131.003125,30.618750,4.1,70.115903,4531704011,0,0,0
2,131.003124,30.616666,131.006251,30.618750,4.1,62.52918,4531704012,0,0,0
2,131.000001,30.618750,131.003125,30.620833,4.1,65.978754,4531704013,0,0,0
2,131.003124,30.618750,131.006251,30.620833,4.1,58.392032,4531704014,0,0,0
2,131.009376,30.616666,131.012500,30.618750,4.1,61.877854,4531704022,0,0,0
2,131.006251,30.618750,131.009376,30.620833,4.1,65.327428,4531704023,0,0,0
2,131.009376,30.618750,131.012500,30.620833,4.1,72.262825,4531704024,0,0,0
2,131.000001,30.620833,131.003125,30.622916,4.1,61.841606,4531704031,0,0,0
2,131.003124,30.620833,131.006251,30.622916,4.1,68.777002,4531704032,0,0,0
2,131.000001,30.622916,131.003125,30.625000,4.1,65.29118,4531704033,0,0,0
2,131.003124,30.622916,131.006251,30.625000,4.1,72.226577,4531704034,0,0,0
2,131.009376,30.620833,131.012500,30.622916,4.1,68.125676,4531704042,0,0,0
2,131.006251,30.622916,131.009376,30.625000,4.1,64.639854,4531704043,0,0,0
2,131.009376,30.622916,131.012500,30.625000,4.1,71.575251,4531704044,0,0,0
2,131.012500,30.616666,131.015626,30.618750,4.1,68.81325,4531704111,0,0,0
2,131.012500,30.618750,131.015626,30.620833,4.1,64.676102,4531704113,0,0,0
2,131.015626,30.618750,131.018750,30.620833,4.1,71.611498,4531704114,0,0,0
2,131.018749,30.618750,131.021876,30.620833,4.1,64.024776,4531704123,0,0,0
2,131.021876,30.618750,131.025001,30.620833,4.1,70.960172,4531704124,0,0,0
2,131.012500,30.620833,131.015626,30.622916,4.1,60.538954,4531704131,0,0,0
2,131.012500,30.622916,131.015626,30.625000,4.1,63.988528,4531704133,0,0,0
2,131.028125,30.616666,131.031251,30.618750,4.1,59.923875,4531704212,0,0,0
2,131.028125,30.618750,131.031251,30.620833,4.1,70.308846,4531704214,0,0,0
2,131.031251,30.616666,131.034375,30.618750,4.1,66.859272,4531704221,0,0,0
2,131.034374,30.616666,131.037501,30.618750,4.1,59.272549,4531704222,0,0,0
2,131.031251,30.618750,131.034375,30.620833,4.1,62.722123,4531704223,0,0,0
2,131.034374,30.618750,131.037501,30.620833,4.1,69.65752,4531704224,0,0,0
2,131.028125,30.620833,131.031251,30.622916,4.1,66.171698,4531704232,0,0,0
2,131.031251,30.620833,131.034375,30.622916,4.1,58.584975,4531704241,0,0,0
2,131.034374,30.620833,131.037501,30.622916,4.1,65.520372,4531704242,0,0,0
2,131.031251,30.622916,131.034375,30.625000,4.1,62.034549,4531704243,0,0,0
2,131.034374,30.622916,131.037501,30.625000,4.1,68.969946,4531704244,0,0,0
2,131.037501,30.616666,131.040626,30.618750,4.1,66.207946,4531704311,0,0,0
2,131.040626,30.616666,131.043750,30.618750,4.1,58.621223,4531704312,0,0,0
2,131.037501,30.618750,131.040626,30.620833,4.1,62.070797,4531704313,0,0,0
2,131.040626,30.618750,131.043750,30.620833,4.1,69.006194,4531704314,0,0,0
2,131.043750,30.616666,131.046876,30.618750,4.1,65.55662,4531704321,0,0,0
2,131.046876,30.616666,131.050000,30.618750,4.1,72.492016,4531704322,0,0,0
2,131.043750,30.618750,131.046876,30.620833,4.1,61.419471,4531704323,0,0,0
2,131.046876,30.618750,131.050000,30.620833,4.1,68.354868,4531704324,0,0,0
2,131.037501,30.620833,131.040626,30.622916,4.1,72.455768,4531704331,0,0,0
2,131.040626,30.620833,131.043750,30.622916,4.1,64.869045,4531704332,0,0,0
2,131.037501,30.622916,131.040626,30.625000,4.1,61.383223,4531704333,0,0,0
2,131.040626,30.622916,131.043750,30.625000,4.1,68.31862,4531704334,0,0,0
2,131.043750,30.620833,131.046876,30.622916,4.1,71.804442,4531704341,0,0,0
2,131.043750,30.622916,131.046876,30.625000,4.1,60.731897,4531704343,0,0,0
2,131.053126,30.616666,131.056251,30.618750,4.1,71.84069,4531704412,0,0,0
2,131.053126,30.618750,131.056251,30.620833,4.1,67.703541,4531704414,0,0,0
2,131.000001,30.625000,131.003125,30.627083,4.1,68.740754,4531705011,0,0,0
2,131.003124,30.625000,131.006251,30.627083,4.1,61.154032,4531705012,0,0,0
2,131.000001,30.627083,131.003125,30.629166,4.1,65.254932,4531705013,0,0,0
2,131.003124,30.627083,131.006251,30.629166,4.1,72.190329,4531705014,0,0,0
2,131.006251,30.625000,131.009376,30.627083,4.1,68.089428,4531705021,0,0,0
2,131.009376,30.625000,131.012500,30.627083,4.1,60.502706,4531705022,0,0,0
2,131.006251,30.627083,131.009376,30.629166,4.1,64.603606,4531705023,0,0,0
2,131.009376,30.627083,131.012500,30.629166,4.1,71.539003,4531705024,0,0,0
2,131.000001,30.629166,131.003125,30.631250,4.1,68.704507,4531705031,0,0,0
2,131.003124,30.629166,131.006251,30.631250,4.1,61.117784,4531705032,0,0,0
2,131.000001,30.631250,131.003125,30.633333,4.1,72.154081,4531705033,0,0,0
2,131.003124,30.631250,131.006251,30.633333,4.1,64.567358,4531705034,0,0,0
2,131.006251,30.631250,131.009376,30.633333,4.1,71.502755,4531705043,0,0,0
2,131.012500,30.627083,131.015626,30.629166,4.1,63.95228,4531705113,0,0,0
2,131.018749,30.627083,131.021876,30.629166,4.1,63.300954,4531705123,0,0,0
2,131.031251,30.625000,131.034375,30.627083,4.1,65.484124,4531705221,0,0,0
2,131.034374,30.625000,131.037501,30.627083,4.1,72.41952,4531705222,0,0,0
2,131.031251,30.627083,131.034375,30.629166,4.1,61.998301,4531705223,0,0,0
2,131.034374,30.627083,131.037501,30.629166,4.1,68.933698,4531705224,0,0,0
2,131.034374,30.629166,131.037501,30.631250,4.1,72.383272,4531705242,0,0,0
2,131.031251,30.631250,131.034375,30.633333,4.1,68.89745,4531705243,0,0,0
2,131.034374,30.631250,131.037501,30.633333,4.1,61.310727,4531705244,0,0,0
2,131.037501,30.625000,131.040626,30.627083,4.1,64.832797,4531705311,0,0,0
2,131.040626,30.625000,131.043750,30.627083,4.1,71.768194,4531705312,0,0,0
2,131.037501,30.627083,131.040626,30.629166,4.1,61.346975,4531705313,0,0,0
2,131.040626,30.627083,131.043750,30.629166,4.1,68.282372,4531705314,0,0,0
2,131.043750,30.625000,131.046876,30.627083,4.1,64.181471,4531705321,0,0,0
2,131.043750,30.627083,131.046876,30.629166,4.1,60.695649,4531705323,0,0,0
2,131.037501,30.629166,131.040626,30.631250,4.1,64.79655,4531705331,0,0,0
2,131.040626,30.629166,131.043750,30.631250,4.1,71.731946,4531705332,0,0,0
2,131.037501,30.631250,131.040626,30.633333,4.1,68.246124,4531705333,0,0,0
2,131.040626,30.631250,131.043750,30.633333,4.1,60.659401,4531705334,0,0,0
2,131.046876,30.629166,131.050000,30.631250,4.1,71.08062,4531705342,0,0,0
2,131.043750,30.631250,131.046876,30.633333,4.1,67.594798,4531705343,0,0,0
2,131.046876,30.631250,131.050000,30.633333,4.1,60.008075,4531705344,0,0,0
2,131.000001,30.633333,131.003125,30.635416,4.1,68.016932,4531706011,0,0,0
2,131.003124,30.633333,131.006251,30.635416,4.1,60.43021,4531706012,0,0,0
2,131.000001,30.635416,131.003125,30.637500,4.1,63.879784,4531706013,0,0,0
2,131.003124,30.635416,131.006251,30.637500,4.1,70.815181,4531706014,0,0,0
2,131.006251,30.633333,131.009376,30.635416,4.1,67.365606,4531706021,0,0,0
2,131.009376,30.633333,131.012500,30.635416,4.1,59.778884,4531706022,0,0,0
2,131.006251,30.635416,131.009376,30.637500,4.1,63.228458,4531706023,0,0,0
2,131.009376,30.635416,131.012500,30.637500,4.1,70.163854,4531706024,0,0,0
2,131.000001,30.637500,131.003125,30.639583,4.1,66.678032,4531706031,0,0,0
2,131.003124,30.637500,131.006251,30.639583,4.1,59.091309,4531706032,0,0,0
2,131.000001,30.639583,131.003125,30.641666,4.1,61.889558,4531706033,0,0,0
2,131.003124,30.639583,131.006251,30.641666,4.1,68.824954,4531706034,0,0,0
2,131.006251,30.637500,131.009376,30.639583,4.1,66.026706,4531706041,0,0,0
2,131.009376,30.637500,131.012500,30.639583,4.1,58.439983,4531706042,0,0,0
2,131.006251,30.639583,131.009376,30.641666,4.1,61.238231,4531706043,0,0,0
2,131.009376,30.639583,131.012500,30.641666,4.1,68.173628,4531706044,0,0,0
2,131.012500,30.639583,131.015626,30.641666,4.1,60.586905,4531706133,0,0,0
2,131.034374,30.633333,131.037501,30.635416,4.1,71.695698,4531706222,0,0,0
2,131.034374,30.637500,131.037501,30.639583,4.1,70.356798,4531706242,0,0,0
2,131.034374,30.639583,131.037501,30.641666,4.1,65.568323,4531706244,0,0,0
2,131.037501,30.633333,131.040626,30.635416,4.1,64.108975,4531706311,0,0,0
2,131.040626,30.633333,131.043750,30.635416,4.1,71.044372,4531706312,0,0,0
2,131.037501,30.635416,131.040626,30.637500,4.1,59.971827,4531706313,0,0,0
2,131.040626,30.635416,131.043750,30.637500,4.1,66.907224,4531706314,0,0,0
2,131.043750,30.633333,131.046876,30.635416,4.1,63.457649,4531706321,0,0,0
2,131.046876,30.633333,131.050000,30.635416,4.1,70.393046,4531706322,0,0,0
2,131.043750,30.635416,131.046876,30.637500,4.1,59.320501,4531706323,0,0,0
2,131.046876,30.635416,131.050000,30.637500,4.1,66.255897,4531706324,0,0,0
2,131.037501,30.637500,131.040626,30.639583,4.1,62.770075,4531706331,0,0,0
2,131.040626,30.637500,131.043750,30.639583,4.1,69.705472,4531706332,0,0,0
2,131.037501,30.639583,131.040626,30.641666,4.1,72.50372,4531706333,0,0,0
2,131.040626,30.639583,131.043750,30.641666,4.1,64.916997,4531706334,0,0,0
2,131.043750,30.637500,131.046876,30.639583,4.1,62.118749,4531706341,0,0,0
2,131.046876,30.637500,131.050000,30.639583,4.1,69.054145,4531706342,0,0,0
2,131.043750,30.639583,131.046876,30.641666,4.1,71.852394,4531706343,0,0,0
2,131.000001,30.641666,131.003125,30.643750,4.1,71.623202,4531707011,0,0,0
2,131.003124,30.641666,131.006251,30.643750,4.1,64.03648,4531707012,0,0,0
2,131.000001,30.643750,131.003125,30.645833,4.1,66.834728,4531707013,0,0,0
2,131.003124,30.643750,131.006251,30.645833,4.1,59.248005,4531707014,0,0,0
2,131.006251,30.641666,131.009376,30.643750,4.1,70.971876,4531707021,0,0,0
2,131.009376,30.641666,131.012500,30.643750,4.1,63.385153,4531707022,0,0,0
2,131.006251,30.643750,131.009376,30.645833,4.1,66.183401,4531707023,0,0,0
2,131.009376,30.643750,131.012500,30.645833,4.1,58.596679,4531707024,0,0,0
2,131.000001,30.645833,131.003125,30.647916,4.1,68.98165,4531707031,0,0,0
2,131.003124,30.645833,131.006251,30.647916,4.1,61.394927,4531707032,0,0,0
2,131.000001,30.647916,131.003125,30.650000,4.1,64.193175,4531707033,0,0,0
2,131.003124,30.647916,131.006251,30.650000,4.1,71.128572,4531707034,0,0,0
2,131.006251,30.645833,131.009376,30.647916,4.1,68.330323,4531707041,0,0,0
2,131.009376,30.645833,131.012500,30.647916,4.1,60.743601,4531707042,0,0,0
2,131.006251,30.647916,131.009376,30.650000,4.1,63.541849,4531707043,0,0,0
2,131.009376,30.647916,131.012500,30.650000,4.1,70.477245,4531707044,0,0,0
2,131.012500,30.641666,131.015626,30.643750,4.1,70.32055,4531707111,0,0,0
2,131.015626,30.641666,131.018750,30.643750,4.1,62.733827,4531707112,0,0,0
2,131.012500,30.643750,131.015626,30.645833,4.1,65.532075,4531707113,0,0,0
2,131.015626,30.643750,131.018750,30.645833,4.1,72.467472,4531707114,0,0,0
2,131.012500,30.645833,131.015626,30.647916,4.1,67.678997,4531707131,0,0,0
2,131.015626,30.645833,131.018750,30.647916,4.1,60.092275,4531707132,0,0,0
2,131.012500,30.647916,131.015626,30.650000,4.1,62.890523,4531707133,0,0,0
2,131.028125,30.643750,131.031251,30.645833,4.1,71.164819,4531707214,0,0,0
2,131.031251,30.641666,131.034375,30.643750,4.1,68.366571,4531707221,0,0,0
2,131.034374,30.641666,131.037501,30.643750,4.1,60.779849,4531707222,0,0,0
2,131.031251,30.643750,131.034375,30.645833,4.1,63.578097,4531707223,0,0,0
2,131.034374,30.643750,131.037501,30.645833,4.1,70.513493,4531707224,0,0,0
2,131.034374,30.645833,131.037501,30.647916,4.1,58.138296,4531707242,0,0,0
2,131.034374,30.647916,131.037501,30.650000,4.1,67.871941,4531707244,0,0,0
2,131.037501,30.641666,131.040626,30.643750,4.1,67.715245,4531707311,0,0,0
2,131.037501,30.645833,131.040626,30.647916,4.1,65.073693,4531707331,0,0,0
2,131.037501,30.647916,131.040626,30.650000,4.1,60.285218,4531707333,0,0,0
2,131.046876,30.645833,131.050000,30.647916,4.1,71.357763,4531707342,0,0,0
2,131.000001,30.650000,131.003125,30.652083,4.1,60.056027,4531708011,0,0,0
2,131.003124,30.650000,131.006251,30.652083,4.1,66.991423,4531708012,0,0,0
2,131.000001,30.652083,131.003125,30.654166,4.1,62.854275,4531708013,0,0,0
2,131.006251,30.650000,131.009376,30.652083,4.1,59.4047,4531708021,0,0,0
2,131.009376,30.650000,131.012500,30.652083,4.1,66.340097,4531708022,0,0,0
2,131.009376,30.652083,131.012500,30.654166,4.1,69.138345,4531708024,0,0,0
2,131.000001,30.654166,131.003125,30.656250,4.1,65.652523,4531708031,0,0,0
2,131.000001,30.656250,131.003125,30.658333,4.1,61.515374,4531708033,0,0,0
2,131.009376,30.654166,131.012500,30.656250,4.1,71.936593,4531708042,0,0,0
2,131.009376,30.656250,131.012500,30.658333,4.1,67.799445,4531708044,0,0,0
2,131.012500,30.650000,131.015626,30.652083,4.1,58.753374,4531708111,0,0,0
2,131.012500,30.652083,131.015626,30.654166,4.1,61.551622,4531708113,0,0,0
2,131.012500,30.654166,131.015626,30.656250,4.1,64.34987,4531708131,0,0,0
2,131.012500,30.656250,131.015626,30.658333,4.1,60.212722,4531708133,0,0,0
2,131.015626,30.656250,131.018750,30.658333,4.1,67.148119,4531708134,0,0,0
2,131.018749,30.654166,131.021876,30.656250,4.1,63.698544,4531708141,0,0,0
2,131.018749,30.656250,131.021876,30.658333,4.1,59.561396,4531708143,0,0,0
2,131.021876,30.656250,131.025001,30.658333,4.1,66.496792,4531708144,0,0,0
2,131.034374,30.650000,131.037501,30.652083,4.1,63.734792,4531708222,0,0,0
2,131.037501,30.650000,131.040626,30.652083,4.1,70.670189,4531708311,0,0,0
2,131.040626,30.650000,131.043750,30.652083,4.1,63.083466,4531708312,0,0,0
2,131.037501,30.652083,131.040626,30.654166,4.1,58.946318,4531708313,0,0,0
2,131.037501,30.654166,131.040626,30.656250,4.1,61.744566,4531708331,0,0,0
2,131.006251,30.658333,131.009376,30.660416,4.1,71.249019,4531709021,0,0,0
2,131.009376,30.658333,131.012500,30.660416,4.1,63.662296,4531709022,0,0,0
2,131.009376,30.660416,131.012500,30.662500,4.1,59.525148,4531709024,0,0,0
2,131.000001,30.662500,131.003125,30.664583,4.1,63.626048,4531709031,0,0,0
2,131.000001,30.664583,131.003125,30.666666,4.1,66.424297,4531709033,0,0,0
2,131.003124,30.664583,131.006251,30.666666,4.1,58.837574,4531709034,0,0,0
2,131.009376,30.662500,131.012500,30.664583,4.1,69.910119,4531709042,0,0,0
2,131.006251,30.664583,131.009376,30.666666,4.1,65.77297,4531709043,0,0,0
2,131.009376,30.664583,131.012500,30.666666,4.1,58.186248,4531709044,0,0,0
2,131.012500,30.658333,131.015626,30.660416,4.1,70.597693,4531709111,0,0,0
2,131.015626,30.658333,131.018750,30.660416,4.1,63.01097,4531709112,0,0,0
2,131.012500,30.660416,131.015626,30.662500,4.1,66.460544,4531709113,0,0,0
2,131.015626,30.660416,131.018750,30.662500,4.1,58.873822,4531709114,0,0,0
2,131.018749,30.658333,131.021876,30.660416,4.1,69.946367,4531709121,0,0,0
2,131.021876,30.658333,131.025001,30.660416,4.1,62.359644,4531709122,0,0,0
2,131.018749,30.660416,131.021876,30.662500,4.1,65.809218,4531709123,0,0,0
2,131.021876,30.660416,131.025001,30.662500,4.1,58.222496,4531709124,0,0,0
2,131.012500,30.662500,131.015626,30.664583,4.1,62.323396,4531709131,0,0,0
2,131.015626,30.662500,131.018750,30.664583,4.1,69.258793,4531709132,0,0,0
2,131.012500,30.664583,131.015626,30.666666,4.1,65.121644,4531709133,0,0,0
2,131.015626,30.664583,131.018750,30.666666,4.1,72.057041,4531709134,0,0,0
2,131.018749,30.662500,131.021876,30.664583,4.1,61.67207,4531709141,0,0,0
2,131.021876,30.662500,131.025001,30.664583,4.1,68.607466,4531709142,0,0,0
2,131.018749,30.664583,131.021876,30.666666,4.1,64.470318,4531709143,0,0,0
2,131.021876,30.664583,131.025001,30.666666,4.1,71.405715,4531709144,0,0,0
2,131.028125,30.662500,131.031251,30.664583,4.1,67.95614,4531709232,0,0,0
2,131.025001,30.664583,131.028125,30.666666,4.1,63.818992,4531709233,0,0,0
2,131.028125,30.664583,131.031251,30.666666,4.1,70.754388,4531709234,0,0,0
2,131.034374,30.662500,131.037501,30.664583,4.1,67.304814,4531709242,0,0,0
2,131.031251,30.664583,131.034375,30.666666,4.1,63.167666,4531709243,0,0,0
2,131.034374,30.664583,131.037501,30.666666,4.1,70.103062,4531709244,0,0,0
2,131.040626,30.658333,131.043750,30.660416,4.1,60.405666,4531709312,0,0,0
2,131.040626,30.660416,131.043750,30.662500,4.1,70.790636,4531709314,0,0,0
2,131.037501,30.662500,131.040626,30.664583,4.1,59.718091,4531709331,0,0,0
2,131.040626,30.662500,131.043750,30.664583,4.1,66.653488,4531709332,0,0,0
2,131.037501,30.664583,131.040626,30.666666,4.1,62.51634,4531709333,0,0,0
2,131.040626,30.664583,131.043750,30.666666,4.1,69.451736,4531709334,0,0,0
2,131.043750,30.664583,131.046876,30.666666,4.1,61.865013,4531709343,0,0,0
2,131.009376,30.547916,131.012500,30.550000,4.0,63.988935,4531605044,0,0,0
2,131.012500,30.547916,131.015626,30.550000,4.0,57.242812,4531605133,0,0,0
2,131.015626,30.552083,131.018750,30.554166,4.0,53.939418,4531606114,0,0,0
2,131.018749,30.552083,131.021876,30.554166,4.0,60.106381,4531606123,0,0,0
2,131.018749,30.554166,131.021876,30.556250,4.0,58.165103,4531606141,0,0,0
2,131.021876,30.554166,131.025001,30.556250,4.0,64.332066,4531606142,0,0,0
2,131.018749,30.556250,131.021876,30.558333,4.0,61.811629,4531606143,0,0,0
2,131.018749,30.558333,131.021876,30.560416,4.0,59.291192,4531607121,0,0,0
2,131.018749,30.560416,131.021876,30.562500,4.0,63.516877,4531607123,0,0,0
2,131.021876,30.564583,131.025001,30.566666,4.0,52.30904,4531607144,0,0,0
2,131.025001,30.560416,131.028125,30.562500,4.0,62.937717,4531607213,0,0,0
2,131.021876,30.566666,131.025001,30.568750,4.0,62.701688,4531608122,0,0,0
2,131.021876,30.568750,131.025001,30.570833,4.0,60.181251,4531608124,0,0,0
2,131.021876,30.572916,131.025001,30.575000,4.0,56.298697,4531608144,0,0,0
2,131.025001,30.566666,131.028125,30.568750,4.0,55.955566,4531608211,0,0,0
2,131.028125,30.566666,131.031251,30.568750,4.0,62.122528,4531608212,0,0,0
2,131.025001,30.568750,131.028125,30.570833,4.0,53.435129,4531608213,0,0,0
2,131.028125,30.568750,131.031251,30.570833,4.0,59.602091,4531608214,0,0,0
2,131.031251,30.568750,131.034375,30.570833,4.0,52.855969,4531608223,0,0,0
2,131.025001,30.570833,131.028125,30.572916,4.0,64.406936,4531608231,0,0,0
2,131.028125,30.570833,131.031251,30.572916,4.0,57.660814,4531608232,0,0,0
2,131.025001,30.572916,131.028125,30.575000,4.0,62.465659,4531608233,0,0,0
2,131.028125,30.572916,131.031251,30.575000,4.0,55.719537,4531608234,0,0,0
2,131.031251,30.570833,131.034375,30.572916,4.0,63.827776,4531608241,0,0,0
2,131.031251,30.572916,131.034375,30.575000,4.0,61.886499,4531608243,0,0,0
2,131.009376,30.577083,131.012500,30.579166,4.0,59.741425,4531609024,0,0,0
2,131.009376,30.579166,131.012500,30.581250,4.0,57.800148,4531609042,0,0,0
2,131.006251,30.581250,131.009376,30.583333,4.0,62.604993,4531609043,0,0,0
2,131.009376,30.581250,131.012500,30.583333,4.0,55.858871,4531609044,0,0,0
2,131.021876,30.575000,131.025001,30.577083,4.0,60.524382,4531609122,0,0,0
2,131.021876,30.577083,131.025001,30.579166,4.0,58.583105,4531609124,0,0,0
2,131.018749,30.579166,131.021876,30.581250,4.0,63.38795,4531609141,0,0,0
2,131.021876,30.579166,131.025001,30.581250,4.0,56.641828,4531609142,0,0,0
2,131.018749,30.581250,131.021876,30.583333,4.0,61.446673,4531609143,0,0,0
2,131.021876,30.581250,131.025001,30.583333,4.0,54.700551,4531609144,0,0,0
2,131.025001,30.575000,131.028125,30.577083,4.0,53.77826,4531609211,0,0,0
2,131.028125,30.575000,131.031251,30.577083,4.0,59.945222,4531609212,0,0,0
2,131.025001,30.577083,131.028125,30.579166,4.0,51.836983,4531609213,0,0,0
2,131.028125,30.577083,131.031251,30.579166,4.0,58.003945,4531609214,0,0,0
2,131.031251,30.575000,131.034375,30.577083,4.0,53.1991,4531609221,0,0,0
2,131.031251,30.577083,131.034375,30.579166,4.0,64.170907,4531609223,0,0,0
2,131.025001,30.579166,131.028125,30.581250,4.0,62.80879,4531609231,0,0,0
2,131.028125,30.579166,131.031251,30.581250,4.0,56.062668,4531609232,0,0,0
2,131.025001,30.581250,131.028125,30.583333,4.0,60.867513,4531609233,0,0,0
2,131.028125,30.581250,131.031251,30.583333,4.0,54.121391,4531609234,0,0,0
2,131.031251,30.581250,131.034375,30.583333,4.0,60.288353,4531609243,0,0,0
2,131.003124,30.585416,131.006251,30.587500,4.0,53.713796,4531700014,0,0,0
2,131.006251,30.583333,131.009376,30.585416,4.0,61.242876,4531700021,0,0,0
2,131.006251,30.585416,131.009376,30.587500,4.0,59.880759,4531700023,0,0,0
2,131.000001,30.587500,131.003125,30.589583,4.0,59.097801,4531700031,0,0,0
2,131.003124,30.587500,131.006251,30.589583,4.0,52.351679,4531700032,0,0,0
2,131.006251,30.587500,131.009376,30.589583,4.0,58.518641,4531700041,0,0,0
2,131.012500,30.583333,131.015626,30.585416,4.0,60.663716,4531700111,0,0,0
2,131.018749,30.583333,131.021876,30.585416,4.0,60.084556,4531700121,0,0,0
2,131.021876,30.583333,131.025001,30.585416,4.0,53.338433,4531700122,0,0,0
2,131.021876,30.585416,131.025001,30.587500,4.0,51.976316,4531700124,0,0,0
2,131.018749,30.587500,131.021876,30.589583,4.0,57.360321,4531700141,0,0,0
2,131.021876,30.587500,131.025001,30.589583,4.0,63.527284,4531700142,0,0,0
2,131.018749,30.589583,131.021876,30.591666,4.0,55.998204,4531700143,0,0,0
2,131.021876,30.589583,131.025001,30.591666,4.0,62.165167,4531700144,0,0,0
2,131.025001,30.583333,131.028125,30.585416,4.0,59.505396,4531700211,0,0,0
2,131.028125,30.583333,131.031251,30.585416,4.0,52.759274,4531700212,0,0,0
2,131.025001,30.585416,131.028125,30.587500,4.0,58.143279,4531700213,0,0,0
2,131.028125,30.585416,131.031251,30.587500,4.0,64.310241,4531700214,0,0,0
2,131.031251,30.583333,131.034375,30.585416,4.0,58.926236,4531700221,0,0,0
2,131.031251,30.585416,131.034375,30.587500,4.0,57.564119,4531700223,0,0,0
2,131.025001,30.587500,131.028125,30.589583,4.0,56.781162,4531700231,0,0,0
2,131.025001,30.589583,131.028125,30.591666,4.0,55.419044,4531700233,0,0,0
2,131.028125,30.589583,131.031251,30.591666,4.0,61.586007,4531700234,0,0,0
2,131.031251,30.589583,131.034375,30.591666,4.0,54.839884,4531700243,0,0,0
2,131.034374,30.589583,131.037501,30.591666,4.0,61.006847,4531700244,0,0,0
2,131.037501,30.589583,131.040626,30.591666,4.0,54.260724,4531700333,0,0,0
2,131.006251,30.593750,131.009376,30.595833,4.0,59.440932,4531701023,0,0,0
2,131.009376,30.593750,131.012500,30.595833,4.0,52.69481,4531701024,0,0,0
2,131.000001,30.595833,131.003125,30.597916,4.0,63.666618,4531701031,0,0,0
2,131.003124,30.595833,131.006251,30.597916,4.0,56.920495,4531701032,0,0,0
2,131.000001,30.597916,131.003125,30.600000,4.0,54.400058,4531701033,0,0,0
2,131.003124,30.597916,131.006251,30.600000,4.0,60.567021,4531701034,0,0,0
2,131.006251,30.595833,131.009376,30.597916,4.0,63.087458,4531701041,0,0,0
2,131.009376,30.595833,131.012500,30.597916,4.0,56.341335,4531701042,0,0,0
2,131.006251,30.597916,131.009376,30.600000,4.0,53.820898,4531701043,0,0,0
2,131.009376,30.597916,131.012500,30.600000,4.0,59.987861,4531701044,0,0,0
2,131.015626,30.591666,131.018750,30.593750,4.0,60.803049,4531701112,0,0,0
2,131.012500,30.593750,131.015626,30.595833,4.0,58.861772,4531701113,0,0,0
2,131.015626,30.593750,131.018750,30.595833,4.0,52.11565,4531701114,0,0,0
2,131.018749,30.591666,131.021876,30.593750,4.0,54.056927,4531701121,0,0,0
2,131.021876,30.591666,131.025001,30.593750,4.0,60.22389,4531701122,0,0,0
2,131.018749,30.593750,131.021876,30.595833,4.0,58.282612,4531701123,0,0,0
2,131.021876,30.593750,131.025001,30.595833,4.0,64.449575,4531701124,0,0,0
2,131.012500,30.595833,131.015626,30.597916,4.0,62.508298,4531701131,0,0,0
2,131.015626,30.595833,131.018750,30.597916,4.0,55.762175,4531701132,0,0,0
2,131.012500,30.597916,131.015626,30.600000,4.0,53.241738,4531701133,0,0,0
2,131.021876,30.595833,131.025001,30.597916,4.0,55.183015,4531701142,0,0,0
2,131.025001,30.591666,131.028125,30.593750,4.0,53.477767,4531701211,0,0,0
2,131.028125,30.591666,131.031251,30.593750,4.0,59.64473,4531701212,0,0,0
2,131.025001,30.593750,131.028125,30.595833,4.0,57.703452,4531701213,0,0,0
2,131.028125,30.593750,131.031251,30.595833,4.0,63.870415,4531701214,0,0,0
2,131.031251,30.591666,131.034375,30.593750,4.0,52.898607,4531701221,0,0,0
2,131.034374,30.591666,131.037501,30.593750,4.0,59.06557,4531701222,0,0,0
2,131.031251,30.593750,131.034375,30.595833,4.0,57.124293,4531701223,0,0,0
2,131.034374,30.593750,131.037501,30.595833,4.0,63.291255,4531701224,0,0,0
2,131.025001,30.595833,131.028125,30.597916,4.0,61.349978,4531701231,0,0,0
2,131.028125,30.595833,131.031251,30.597916,4.0,54.603855,4531701232,0,0,0
2,131.025001,30.597916,131.028125,30.600000,4.0,52.083418,4531701233,0,0,0
2,131.028125,30.597916,131.031251,30.600000,4.0,58.250381,4531701234,0,0,0
2,131.031251,30.595833,131.034375,30.597916,4.0,60.770818,4531701241,0,0,0
2,131.034374,30.595833,131.037501,30.597916,4.0,54.024696,4531701242,0,0,0
2,131.031251,30.597916,131.034375,30.600000,4.0,64.417343,4531701243,0,0,0
2,131.034374,30.597916,131.037501,30.600000,4.0,57.671221,4531701244,0,0,0
2,131.037501,30.591666,131.040626,30.593750,4.0,52.319447,4531701311,0,0,0
2,131.040626,30.591666,131.043750,30.593750,4.0,58.48641,4531701312,0,0,0
2,131.037501,30.593750,131.040626,30.595833,4.0,56.545133,4531701313,0,0,0
2,131.037501,30.597916,131.040626,30.600000,4.0,63.838183,4531701333,0,0,0
2,131.003124,30.600000,131.006251,30.602083,4.0,57.467424,4531702012,0,0,0
2,131.000001,30.602083,131.003125,30.604166,4.0,54.367827,4531702013,0,0,0
2,131.003124,30.602083,131.006251,30.604166,4.0,60.534789,4531702014,0,0,0
2,131.006251,30.600000,131.009376,30.602083,4.0,63.634386,4531702021,0,0,0
2,131.009376,30.600000,131.012500,30.602083,4.0,56.888264,4531702022,0,0,0
2,131.006251,30.602083,131.009376,30.604166,4.0,53.788667,4531702023,0,0,0
2,131.009376,30.602083,131.012500,30.604166,4.0,59.955629,4531702024,0,0,0
2,131.000001,30.604166,131.003125,30.606250,4.0,63.602154,4531702031,0,0,0
2,131.003124,30.604166,131.006251,30.606250,4.0,56.856032,4531702032,0,0,0
2,131.006251,30.604166,131.009376,30.606250,4.0,63.022994,4531702041,0,0,0
2,131.009376,30.604166,131.012500,30.606250,4.0,56.276872,4531702042,0,0,0
2,131.012500,30.600000,131.015626,30.602083,4.0,63.055226,4531702111,0,0,0
2,131.012500,30.602083,131.015626,30.604166,4.0,53.209507,4531702113,0,0,0
2,131.015626,30.602083,131.018750,30.604166,4.0,59.376469,4531702114,0,0,0
2,131.018749,30.602083,131.021876,30.604166,4.0,52.630347,4531702123,0,0,0
2,131.021876,30.602083,131.025001,30.604166,4.0,58.797309,4531702124,0,0,0
2,131.012500,30.604166,131.015626,30.606250,4.0,62.443834,4531702131,0,0,0
2,131.015626,30.604166,131.018750,30.606250,4.0,55.697712,4531702132,0,0,0
2,131.012500,30.606250,131.015626,30.608333,4.0,58.765077,4531702133,0,0,0
2,131.015626,30.606250,131.018750,30.608333,4.0,52.018955,4531702134,0,0,0
2,131.018749,30.604166,131.021876,30.606250,4.0,61.864674,4531702141,0,0,0
2,131.021876,30.604166,131.025001,30.606250,4.0,55.118552,4531702142,0,0,0
2,131.018749,30.606250,131.021876,30.608333,4.0,58.185917,4531702143,0,0,0
2,131.021876,30.606250,131.025001,30.608333,4.0,64.35288,4531702144,0,0,0
2,131.025001,30.600000,131.028125,30.602083,4.0,61.896906,4531702211,0,0,0
2,131.028125,30.600000,131.031251,30.602083,4.0,55.150784,4531702212,0,0,0
2,131.025001,30.602083,131.028125,30.604166,4.0,52.051187,4531702213,0,0,0
2,131.028125,30.602083,131.031251,30.604166,4.0,58.218149,4531702214,0,0,0
2,131.031251,30.600000,131.034375,30.602083,4.0,61.317746,4531702221,0,0,0
2,131.034374,30.600000,131.037501,30.602083,4.0,54.571624,4531702222,0,0,0
2,131.034374,30.602083,131.037501,30.604166,4.0,57.638989,4531702224,0,0,0
2,131.025001,30.604166,131.028125,30.606250,4.0,61.285514,4531702231,0,0,0
2,131.028125,30.604166,131.031251,30.606250,4.0,54.539392,4531702232,0,0,0
2,131.025001,30.606250,131.028125,30.608333,4.0,57.606757,4531702233,0,0,0
2,131.028125,30.606250,131.031251,30.608333,4.0,63.77372,4531702234,0,0,0
2,131.031251,30.604166,131.034375,30.606250,4.0,60.706354,4531702241,0,0,0
2,131.034374,30.604166,131.037501,30.606250,4.0,53.960232,4531702242,0,0,0
2,131.031251,30.606250,131.034375,30.608333,4.0,57.027597,4531702243,0,0,0
2,131.034374,30.606250,131.037501,30.608333,4.0,63.19456,4531702244,0,0,0
2,131.043750,30.600000,131.046876,30.602083,4.0,60.159426,4531702321,0,0,0
2,131.037501,30.604166,131.040626,30.606250,4.0,60.127194,4531702331,0,0,0
2,131.040626,30.604166,131.043750,30.606250,4.0,53.381072,4531702332,0,0,0
2,131.037501,30.606250,131.040626,30.608333,4.0,56.448437,4531702333,0,0,0
2,131.040626,30.606250,131.043750,30.608333,4.0,62.6154,4531702334,0,0,0
2,131.043750,30.606250,131.046876,30.608333,4.0,55.869277,4531702343,0,0,0
2,131.006251,30.608333,131.009376,30.610416,4.0,55.66548,4531703021,0,0,0
2,131.009376,30.608333,131.012500,30.610416,4.0,61.832443,4531703022,0,0,0
2,131.006251,30.610416,131.009376,30.612500,4.0,58.732846,4531703023,0,0,0
2,131.009376,30.610416,131.012500,30.612500,4.0,51.986723,4531703024,0,0,0
2,131.003124,30.614583,131.006251,30.616666,4.0,52.533652,4531703034,0,0,0
2,131.006251,30.612500,131.009376,30.614583,4.0,55.633249,4531703041,0,0,0
2,131.009376,30.612500,131.012500,30.614583,4.0,61.800211,4531703042,0,0,0
2,131.006251,30.614583,131.009376,30.616666,4.0,58.700614,4531703043,0,0,0
2,131.009376,30.614583,131.012500,30.616666,4.0,51.954492,4531703044,0,0,0
2,131.012500,30.608333,131.015626,30.610416,4.0,55.08632,4531703111,0,0,0
2,131.015626,30.608333,131.018750,30.610416,4.0,61.253283,4531703112,0,0,0
2,131.012500,30.610416,131.015626,30.612500,4.0,58.153686,4531703113,0,0,0
2,131.015626,30.610416,131.018750,30.612500,4.0,64.320648,4531703114,0,0,0
2,131.018749,30.608333,131.021876,30.610416,4.0,54.50716,4531703121,0,0,0
2,131.021876,30.608333,131.025001,30.610416,4.0,60.674123,4531703122,0,0,0
2,131.018749,30.610416,131.021876,30.612500,4.0,57.574526,4531703123,0,0,0
2,131.021876,30.610416,131.025001,30.612500,4.0,63.741488,4531703124,0,0,0
2,131.015626,30.612500,131.018750,30.614583,4.0,61.221051,4531703132,0,0,0
2,131.012500,30.614583,131.015626,30.616666,4.0,58.121454,4531703133,0,0,0
2,131.018749,30.612500,131.021876,30.614583,4.0,54.474929,4531703141,0,0,0
2,131.021876,30.612500,131.025001,30.614583,4.0,60.641891,4531703142,0,0,0
2,131.018749,30.614583,131.021876,30.616666,4.0,57.542294,4531703143,0,0,0
2,131.021876,30.614583,131.025001,30.616666,4.0,63.709256,4531703144,0,0,0
2,131.025001,30.608333,131.028125,30.610416,4.0,53.928,4531703211,0,0,0
2,131.028125,30.608333,131.031251,30.610416,4.0,60.094963,4531703212,0,0,0
2,131.025001,30.610416,131.028125,30.612500,4.0,56.995366,4531703213,0,0,0
2,131.028125,30.610416,131.031251,30.612500,4.0,63.162328,4531703214,0,0,0
2,131.031251,30.608333,131.034375,30.610416,4.0,53.34884,4531703221,0,0,0
2,131.034374,30.608333,131.037501,30.610416,4.0,59.515803,4531703222,0,0,0
2,131.031251,30.610416,131.034375,30.612500,4.0,56.416206,4531703223,0,0,0
2,131.025001,30.612500,131.028125,30.614583,4.0,53.895769,4531703231,0,0,0
2,131.028125,30.612500,131.031251,30.614583,4.0,60.062731,4531703232,0,0,0
2,131.025001,30.614583,131.028125,30.616666,4.0,56.963134,4531703233,0,0,0
2,131.031251,30.612500,131.034375,30.614583,4.0,53.316609,4531703241,0,0,0
2,131.031251,30.614583,131.034375,30.616666,4.0,56.383974,4531703243,0,0,0
2,131.006251,30.616666,131.009376,30.618750,4.0,61.767979,4531704021,0,0,0
2,131.006251,30.620833,131.009376,30.622916,4.0,54.410465,4531704041,0,0,0
2,131.015626,30.616666,131.018750,30.618750,4.0,54.442697,4531704112,0,0,0
2,131.018749,30.616666,131.021876,30.618750,4.0,60.609659,4531704121,0,0,0
2,131.021876,30.616666,131.025001,30.618750,4.0,53.863537,4531704122,0,0,0
2,131.015626,30.620833,131.018750,30.622916,4.0,59.998268,4531704132,0,0,0
2,131.015626,30.622916,131.018750,30.625000,4.0,63.065633,4531704134,0,0,0
2,131.018749,30.620833,131.021876,30.622916,4.0,53.252145,4531704141,0,0,0
2,131.021876,30.620833,131.025001,30.622916,4.0,59.419108,4531704142,0,0,0
2,131.018749,30.622916,131.021876,30.625000,4.0,56.319511,4531704143,0,0,0
2,131.021876,30.622916,131.025001,30.625000,4.0,62.486473,4531704144,0,0,0
2,131.025001,30.616666,131.028125,30.618750,4.0,60.030499,4531704211,0,0,0
2,131.025001,30.618750,131.028125,30.620833,4.0,56.351742,4531704213,0,0,0
2,131.025001,30.620833,131.028125,30.622916,4.0,52.672985,4531704231,0,0,0
2,131.025001,30.622916,131.028125,30.625000,4.0,55.740351,4531704233,0,0,0
2,131.028125,30.622916,131.031251,30.625000,4.0,61.907313,4531704234,0,0,0
2,131.006251,30.629166,131.009376,30.631250,4.0,60.512964,4531705041,0,0,0
2,131.009376,30.629166,131.012500,30.631250,4.0,53.766842,4531705042,0,0,0
2,131.009376,30.631250,131.012500,30.633333,4.0,56.834207,4531705044,0,0,0
2,131.012500,30.625000,131.015626,30.627083,4.0,59.966036,4531705111,0,0,0
2,131.015626,30.625000,131.018750,30.627083,4.0,53.219914,4531705112,0,0,0
2,131.015626,30.627083,131.018750,30.629166,4.0,63.033401,4531705114,0,0,0
2,131.018749,30.625000,131.021876,30.627083,4.0,59.386876,4531705121,0,0,0
2,131.021876,30.625000,131.025001,30.627083,4.0,52.640754,4531705122,0,0,0
2,131.021876,30.627083,131.025001,30.629166,4.0,62.454241,4531705124,0,0,0
2,131.012500,30.629166,131.015626,30.631250,4.0,59.933804,4531705131,0,0,0
2,131.015626,30.629166,131.018750,30.631250,4.0,53.187682,4531705132,0,0,0
2,131.012500,30.631250,131.015626,30.633333,4.0,63.001169,4531705133,0,0,0
2,131.015626,30.631250,131.018750,30.633333,4.0,56.255047,4531705134,0,0,0
2,131.018749,30.629166,131.021876,30.631250,4.0,59.354644,4531705141,0,0,0
2,131.021876,30.629166,131.025001,30.631250,4.0,52.608522,4531705142,0,0,0
2,131.018749,30.631250,131.021876,30.633333,4.0,62.422009,4531705143,0,0,0
2,131.021876,30.631250,131.025001,30.633333,4.0,55.675887,4531705144,0,0,0
2,131.025001,30.625000,131.028125,30.627083,4.0,58.807716,4531705211,0,0,0
2,131.028125,30.625000,131.031251,30.627083,4.0,52.061594,4531705212,0,0,0
2,131.025001,30.627083,131.028125,30.629166,4.0,55.708119,4531705213,0,0,0
2,131.028125,30.627083,131.031251,30.629166,4.0,61.875081,4531705214,0,0,0
2,131.025001,30.629166,131.028125,30.631250,4.0,58.775484,4531705231,0,0,0
2,131.028125,30.629166,131.031251,30.631250,4.0,52.029362,4531705232,0,0,0
2,131.025001,30.631250,131.028125,30.633333,4.0,61.842849,4531705233,0,0,0
2,131.028125,30.631250,131.031251,30.633333,4.0,55.096727,4531705234,0,0,0
2,131.031251,30.629166,131.034375,30.631250,4.0,58.196324,4531705241,0,0,0
2,131.012500,30.633333,131.015626,30.635416,4.0,59.322412,4531706111,0,0,0
2,131.015626,30.633333,131.018750,30.635416,4.0,52.57629,4531706112,0,0,0
2,131.012500,30.635416,131.015626,30.637500,4.0,55.643655,4531706113,0,0,0
2,131.015626,30.635416,131.018750,30.637500,4.0,61.810618,4531706114,0,0,0
2,131.018749,30.633333,131.021876,30.635416,4.0,58.743252,4531706121,0,0,0
2,131.021876,30.633333,131.025001,30.635416,4.0,51.99713,4531706122,0,0,0
2,131.018749,30.635416,131.021876,30.637500,4.0,55.064496,4531706123,0,0,0
2,131.021876,30.635416,131.025001,30.637500,4.0,61.231458,4531706124,0,0,0
2,131.012500,30.637500,131.015626,30.639583,4.0,58.131861,4531706131,0,0,0
2,131.015626,30.637500,131.018750,30.639583,4.0,64.298823,4531706132,0,0,0
2,131.015626,30.639583,131.018750,30.641666,4.0,60.040906,4531706134,0,0,0
2,131.018749,30.637500,131.021876,30.639583,4.0,57.552701,4531706141,0,0,0
2,131.021876,30.637500,131.025001,30.639583,4.0,63.719663,4531706142,0,0,0
2,131.018749,30.639583,131.021876,30.641666,4.0,53.294784,4531706143,0,0,0
2,131.021876,30.639583,131.025001,30.641666,4.0,59.461746,4531706144,0,0,0
2,131.025001,30.633333,131.028125,30.635416,4.0,58.164093,4531706211,0,0,0
2,131.028125,30.633333,131.031251,30.635416,4.0,64.331055,4531706212,0,0,0
2,131.025001,30.635416,131.028125,30.637500,4.0,54.485336,4531706213,0,0,0
2,131.028125,30.635416,131.031251,30.637500,4.0,60.652298,4531706214,0,0,0
2,131.031251,30.633333,131.034375,30.635416,4.0,57.584933,4531706221,0,0,0
2,131.031251,30.635416,131.034375,30.637500,4.0,53.906176,4531706223,0,0,0
2,131.034374,30.635416,131.037501,30.637500,4.0,60.073138,4531706224,0,0,0
2,131.025001,30.637500,131.028125,30.639583,4.0,56.973541,4531706231,0,0,0
2,131.028125,30.637500,131.031251,30.639583,4.0,63.140503,4531706232,0,0,0
2,131.025001,30.639583,131.028125,30.641666,4.0,52.715624,4531706233,0,0,0
2,131.028125,30.639583,131.031251,30.641666,4.0,58.882586,4531706234,0,0,0
2,131.031251,30.637500,131.034375,30.639583,4.0,56.394381,4531706241,0,0,0
2,131.031251,30.639583,131.034375,30.641666,4.0,52.136464,4531706243,0,0,0
2,131.018749,30.641666,131.021876,30.643750,4.0,61.949952,4531707121,0,0,0
2,131.021876,30.641666,131.025001,30.643750,4.0,55.203829,4531707122,0,0,0
2,131.018749,30.643750,131.021876,30.645833,4.0,57.692035,4531707123,0,0,0
2,131.021876,30.643750,131.025001,30.645833,4.0,63.858997,4531707124,0,0,0
2,131.015626,30.647916,131.018750,30.650000,4.0,62.089285,4531707134,0,0,0
2,131.018749,30.645833,131.021876,30.647916,4.0,59.60108,4531707141,0,0,0
2,131.021876,30.645833,131.025001,30.647916,4.0,52.854958,4531707142,0,0,0
2,131.018749,30.647916,131.021876,30.650000,4.0,55.343163,4531707143,0,0,0
2,131.021876,30.647916,131.025001,30.650000,4.0,61.510125,4531707144,0,0,0
2,131.025001,30.641666,131.028125,30.643750,4.0,61.370792,4531707211,0,0,0
2,131.028125,30.641666,131.031251,30.643750,4.0,54.624669,4531707212,0,0,0
2,131.025001,30.643750,131.028125,30.645833,4.0,57.112875,4531707213,0,0,0
2,131.025001,30.645833,131.028125,30.647916,4.0,59.02192,4531707231,0,0,0
2,131.028125,30.645833,131.031251,30.647916,4.0,52.275798,4531707232,0,0,0
2,131.025001,30.647916,131.028125,30.650000,4.0,54.764003,4531707233,0,0,0
2,131.028125,30.647916,131.031251,30.650000,4.0,60.930965,4531707234,0,0,0
2,131.031251,30.645833,131.034375,30.647916,4.0,58.44276,4531707241,0,0,0
2,131.031251,30.647916,131.034375,30.650000,4.0,54.184843,4531707243,0,0,0
2,131.015626,30.650000,131.018750,30.652083,4.0,58.410528,4531708112,0,0,0
2,131.015626,30.652083,131.018750,30.654166,4.0,60.898734,4531708114,0,0,0
2,131.018749,30.650000,131.021876,30.652083,4.0,51.664406,4531708121,0,0,0
2,131.021876,30.650000,131.025001,30.652083,4.0,57.831368,4531708122,0,0,0
2,131.018749,30.652083,131.021876,30.654166,4.0,54.152611,4531708123,0,0,0
2,131.021876,30.652083,131.025001,30.654166,4.0,60.319574,4531708124,0,0,0
2,131.015626,30.654166,131.018750,30.656250,4.0,63.386939,4531708132,0,0,0
2,131.021876,30.654166,131.025001,30.656250,4.0,62.807779,4531708142,0,0,0
2,131.025001,30.650000,131.028125,30.652083,4.0,63.998331,4531708211,0,0,0
2,131.028125,30.650000,131.031251,30.652083,4.0,57.252208,4531708212,0,0,0
2,131.025001,30.652083,131.028125,30.654166,4.0,53.573452,4531708213,0,0,0
2,131.028125,30.652083,131.031251,30.654166,4.0,59.740414,4531708214,0,0,0
2,131.031251,30.650000,131.034375,30.652083,4.0,63.419171,4531708221,0,0,0
2,131.031251,30.652083,131.034375,30.654166,4.0,52.994292,4531708223,0,0,0
2,131.034374,30.652083,131.037501,30.654166,4.0,59.161254,4531708224,0,0,0
2,131.025001,30.654166,131.028125,30.656250,4.0,56.061657,4531708231,0,0,0
2,131.028125,30.654166,131.031251,30.656250,4.0,62.228619,4531708232,0,0,0
2,131.025001,30.656250,131.028125,30.658333,4.0,52.3829,4531708233,0,0,0
2,131.028125,30.656250,131.031251,30.658333,4.0,58.549862,4531708234,0,0,0
2,131.031251,30.654166,131.034375,30.656250,4.0,55.482497,4531708241,0,0,0
2,131.034374,30.654166,131.037501,30.656250,4.0,61.649459,4531708242,0,0,0
2,131.031251,30.656250,131.034375,30.658333,4.0,51.80374,4531708243,0,0,0
2,131.034374,30.656250,131.037501,30.658333,4.0,57.970702,4531708244,0,0,0
2,131.037501,30.656250,131.040626,30.658333,4.0,64.137665,4531708333,0,0,0
2,131.025001,30.658333,131.028125,30.660416,4.0,61.617228,4531709211,0,0,0
2,131.028125,30.658333,131.031251,30.660416,4.0,54.871105,4531709212,0,0,0
2,131.025001,30.660416,131.028125,30.662500,4.0,57.938471,4531709213,0,0,0
2,131.028125,30.660416,131.031251,30.662500,4.0,64.105433,4531709214,0,0,0
2,131.031251,30.658333,131.034375,30.660416,4.0,61.038068,4531709221,0,0,0
2,131.034374,30.658333,131.037501,30.660416,4.0,54.291945,4531709222,0,0,0
2,131.031251,30.660416,131.034375,30.662500,4.0,57.359311,4531709223,0,0,0
2,131.034374,30.660416,131.037501,30.662500,4.0,63.526273,4531709224,0,0,0
2,131.025001,30.662500,131.028125,30.664583,4.0,54.259714,4531709231,0,0,0
2,131.031251,30.662500,131.034375,30.664583,4.0,53.680554,4531709241,0,0,0
2,131.037501,30.658333,131.040626,30.660416,4.0,60.458908,4531709311,0,0,0
2,131.037501,30.660416,131.040626,30.662500,4.0,56.780151,4531709313,0,0,0
3,851
