1,v01,JGD2000,2016/09/27 12:00:00,20160927120000,99,[gis][pga][al][ah][sinj],jshis,M1,5138
2,138.881250,34.637500,138.884375,34.639583,5.0,195.274416,5138776041,0.000276,0.04829,0
2,138.881250,34.639583,138.884375,34.641667,5.0,173.999567,5138776043,0.000117,0.016667,0
2,138.884375,34.639583,138.887500,34.641667,5.0,193.955466,5138776044,0.000291,0.028064,0
2,138.881250,34.641667,138.884375,34.643750,5.0,192.636516,5138777021,0.000224,0.042449,0
2,138.884375,34.641667,138.887500,34.643750,5.0,170.806492,5138777022,0.000249,0.013107,0
2,138.881250,34.643750,138.884375,34.645833,5.0,169.487543,5138777023,0.000095,0.00869,0
2,138.884375,34.643750,138.887500,34.645833,5.0,189.443442,5138777024,0.000095,0.00869,0
2,138.784375,34.639583,138.787500,34.641667,4.9,161.972911,5138766244,0,0.000704,0
2,138.887500,34.633333,138.890625,34.635417,4.9,170.98443,5138776111,0,0.028122,0
2,138.890625,34.633333,138.893750,34.635417,4.9,151.573149,5138776112,0,0,0
2,138.890625,34.635417,138.893750,34.637500,4.9,171.478092,5138776114,0,0.042302,0
2,138.893750,34.635417,138.896875,34.637500,4.9,152.066811,5138776123,0,0.00949,0
2,138.925000,34.658333,138.928125,34.660417,4.9,179.562177,5138779411,0,0.010592,0
2,138.990625,34.658333,138.993750,34.660417,4.9,166.230385,5138779912,0,0,0
2,138.990625,34.660417,138.993750,34.662500,4.9,166.137642,5138779914,0,0,0
2,138.856250,34.647917,138.859375,34.650000,4.8,150.666811,5138767843,0,0.005747,0
2,138.868750,34.641667,138.871875,34.643750,4.8,155.277237,5138767921,0,0.005755,0
2,138.871875,34.643750,138.875000,34.645833,4.8,152.752541,5138767924,0,0.006253,0
2,138.865625,34.647917,138.868750,34.650000,4.8,164.963683,5138767934,0,0.005894,0
2,138.871875,34.645833,138.875000,34.647917,4.8,150.227846,5138767942,0,0.006978,0
2,138.912500,34.637500,138.915625,34.639583,4.8,146.990155,5138776331,0,0,0
2,138.912500,34.639583,138.915625,34.641667,4.8,163.207822,5138776333,0,0.008581,0
2,138.875000,34.643750,138.878125,34.645833,4.8,135.492008,5138777013,0,0.00562,0
2,138.875000,34.645833,138.878125,34.647917,4.8,132.967312,5138777031,0,0.006438,0
2,138.881250,34.645833,138.884375,34.647917,4.8,164.524718,5138777041,0,0.001046,0
2,138.881250,34.647917,138.884375,34.650000,4.8,144.739489,5138777043,0,0.004288,0
2,138.881250,34.650000,138.884375,34.652083,4.8,157.993495,5138778021,0,0.00409,0
2,138.915625,34.652083,138.918750,34.654167,4.8,160.874689,5138778314,0,0.001979,0
2,138.918750,34.652083,138.921875,34.654167,4.8,143.614156,5138778323,0,0.00047,0
2,138.915625,34.656250,138.918750,34.658333,4.8,141.006992,5138778334,0,0.010517,0
2,138.918750,34.654167,138.921875,34.656250,4.8,133.680307,5138778341,0,0.002581,0
2,138.925000,34.656250,138.928125,34.658333,4.8,155.303864,5138778433,0,0.000585,0
2,138.965625,34.652083,138.968750,34.654167,4.8,156.429197,5138778714,0,0.002076,0
2,138.965625,34.654167,138.968750,34.656250,4.8,145.013519,5138778732,0,0.007267,0
2,138.965625,34.656250,138.968750,34.658333,4.8,150.858373,5138778734,0,0.020094,0
2,138.915625,34.658333,138.918750,34.660417,4.8,145.370016,5138779312,0,0.007157,0
2,138.915625,34.660417,138.918750,34.662500,4.8,164.029912,5138779314,0,0.017136,0
2,138.918750,34.660417,138.921875,34.662500,4.8,146.769379,5138779323,0,0.009182,0
2,138.915625,34.662500,138.918750,34.664583,4.8,148.168742,5138779332,0,0.014721,0
2,138.931250,34.658333,138.934375,34.660417,4.8,158.185058,5138779421,0,0,0
2,138.956250,34.664583,138.959375,34.666667,4.8,157.937655,5138779643,0,0,0
2,138.821875,34.612500,138.825000,34.614583,4.7,137.732018,5138763542,0,0,0
2,138.859375,34.612500,138.862500,34.614583,4.7,129.826146,5138763842,0,0,0
2,138.809375,34.627083,138.812500,34.629167,4.7,122.6276,5138765424,0,0.00204,0
2,138.825000,34.643750,138.828125,34.645833,4.7,131.020808,5138767613,0,0.0005,0
2,138.840625,34.645833,138.843750,34.647917,4.7,140.170995,5138767732,0,0.000304,0
2,138.840625,34.647917,138.843750,34.650000,4.7,122.577947,5138767734,0,0.001169,0
2,138.843750,34.645833,138.846875,34.647917,4.7,124.822909,5138767741,0,0.000203,0
2,138.846875,34.645833,138.850000,34.647917,4.7,138.853349,5138767742,0,0.000466,0
2,138.850000,34.645833,138.853125,34.647917,4.7,123.505264,5138767831,0,0.001365,0
2,138.853125,34.645833,138.856250,34.647917,4.7,137.535704,5138767832,0,0.001561,0
2,138.853125,34.647917,138.856250,34.650000,4.7,119.942656,5138767834,0,0.004358,0
2,138.859375,34.647917,138.862500,34.650000,4.7,118.625011,5138767844,0,0.001513,0
2,138.865625,34.641667,138.868750,34.643750,4.7,124.042253,5138767912,0,0.000986,0
2,138.868750,34.647917,138.871875,34.650000,4.7,131.337806,5138767943,0,0.002297,0
2,138.871875,34.647917,138.875000,34.650000,4.7,145.368246,5138767944,0,0.00125,0
2,138.812500,34.652083,138.815625,34.654167,4.7,120.723313,5138768513,0,0.000939,0
2,138.818750,34.652083,138.821875,34.654167,4.7,119.405667,5138768523,0,0.001365,0
2,138.821875,34.652083,138.825000,34.654167,4.7,133.436108,5138768524,0,0.000574,0
2,138.818750,34.654167,138.821875,34.656250,4.7,139.951004,5138768541,0,0.000601,0
2,138.834375,34.650000,138.837500,34.652083,4.7,135.68107,5138768622,0,0.000466,0
2,138.856250,34.650000,138.859375,34.652083,4.7,145.758574,5138768821,0,0.00435,0
2,138.859375,34.650000,138.862500,34.652083,4.7,130.410489,5138768822,0,0.005904,0
2,138.856250,34.652083,138.859375,34.654167,4.7,140.878321,5138768823,0,0.002283,0
2,138.856250,34.654167,138.859375,34.656250,4.7,132.045132,5138768841,0,0.002182,0
2,138.856250,34.656250,138.859375,34.658333,4.7,123.211943,5138768843,0,0.00179,0
2,138.862500,34.650000,138.865625,34.652083,4.7,144.440929,5138768911,0,0.00485,0
2,138.790625,34.658333,138.793750,34.660417,4.7,126.237562,5138769312,0,0.006155,0
2,138.787500,34.660417,138.790625,34.662500,4.7,128.799522,5138769313,0,0.000034,0
2,138.856250,34.660417,138.859375,34.662500,4.7,143.683949,5138769823,0,0.00148,0
2,138.859375,34.660417,138.862500,34.662500,4.7,128.335864,5138769824,0,0.001905,0
2,138.856250,34.662500,138.859375,34.664583,4.7,129.580179,5138769841,0,0.002851,0
2,138.862500,34.662500,138.865625,34.664583,4.7,128.262533,5138769931,0,0.001196,0
2,138.875000,34.620833,138.878125,34.622917,4.7,142.001952,5138774031,0,0,0
2,138.878125,34.622917,138.881250,34.625000,4.7,122.237272,5138774034,0,0.00098,0
2,138.881250,34.622917,138.884375,34.625000,4.7,136.267712,5138774043,0,0.000297,0
2,138.884375,34.625000,138.887500,34.627083,4.7,143.246267,5138775022,0,0.002013,0
2,138.884375,34.631250,138.887500,34.633333,4.7,118.137676,5138775044,0,0.000919,0
2,138.887500,34.629167,138.890625,34.631250,4.7,141.855292,5138775131,0,0,0
2,138.887500,34.631250,138.890625,34.633333,4.7,132.168116,5138775133,0,0.000331,0
2,138.896875,34.631250,138.900000,34.633333,4.7,130.85047,5138775144,0,0.000135,0
2,138.884375,34.633333,138.887500,34.635417,4.7,121.163295,5138776022,0,0.003196,0
2,138.884375,34.635417,138.887500,34.637500,4.7,136.901708,5138776024,0,0.003027,0
2,138.884375,34.637500,138.887500,34.639583,4.7,121.943951,5138776042,0,0.00404,0
2,138.887500,34.635417,138.890625,34.637500,4.7,121.553623,5138776113,0,0.007553,0
2,138.887500,34.637500,138.890625,34.639583,4.7,135.974391,5138776131,0,0.007647,0
2,138.890625,34.637500,138.893750,34.639583,4.7,120.626306,5138776132,0,0.003708,0
2,138.875000,34.647917,138.878125,34.650000,4.7,130.02016,5138777033,0,0.00127,0
2,138.878125,34.647917,138.881250,34.650000,4.7,144.050601,5138777034,0,0.001506,0
2,138.909375,34.641667,138.912500,34.643750,4.7,144.197261,5138777222,0,0.002431,0
2,138.881250,34.652083,138.884375,34.654167,4.7,135.60774,5138778023,0,0.000716,0
2,138.884375,34.652083,138.887500,34.654167,4.7,120.259654,5138778024,0,0.00023,0
2,138.884375,34.654167,138.887500,34.656250,4.7,140.804991,5138778042,0,0.000696,0
2,138.887500,34.654167,138.890625,34.656250,4.7,125.456905,5138778131,0,0.002723,0
2,138.887500,34.656250,138.890625,34.658333,4.7,146.002242,5138778133,0,0.002074,0
2,138.962500,34.652083,138.965625,34.654167,4.7,125.066577,5138778713,0,0.000828,0
2,138.978125,34.654167,138.981250,34.656250,4.7,126.310892,5138778832,0,0,0
2,138.978125,34.656250,138.981250,34.658333,4.7,131.508143,5138778834,0,0,0
2,138.984375,34.656250,138.987500,34.658333,4.7,130.190498,5138778844,0,0,0
2,138.912500,34.664583,138.915625,34.666667,4.7,118.965686,5138779333,0,0.000717,0
2,138.962500,34.658333,138.965625,34.660417,4.7,122.674954,5138779711,0,0.000832,0
2,138.965625,34.660417,138.968750,34.662500,4.7,136.632064,5138779714,0,0.001093,0
2,138.971875,34.658333,138.975000,34.660417,4.7,135.387749,5138779722,0,0.000144,0
2,138.968750,34.660417,138.971875,34.662500,4.7,121.283978,5138779723,0,0.000086,0
2,138.971875,34.660417,138.975000,34.662500,4.7,135.314419,5138779724,0,0,0
2,138.965625,34.662500,138.968750,34.664583,4.7,122.528293,5138779732,0,0.001694,0
2,138.965625,34.664583,138.968750,34.666667,4.7,123.772609,5138779734,0,0.000828,0
2,138.981250,34.658333,138.984375,34.660417,4.7,118.722018,5138779821,0,0.000058,0
2,138.984375,34.660417,138.987500,34.662500,4.7,132.679128,5138779824,0,0.000344,0
2,138.975000,34.662500,138.978125,34.664583,4.7,135.241088,5138779831,0,0.002236,0
2,138.978125,34.662500,138.981250,34.664583,4.7,119.893003,5138779832,0,0.00043,0
2,138.987500,34.658333,138.990625,34.660417,4.7,146.782898,5138779911,0,0,0
2,138.987500,34.660417,138.990625,34.662500,4.7,146.709568,5138779913,0,0,0
2,138.831250,34.604167,138.834375,34.606250,4.6,120.193367,5138762641,0,0,0
2,138.831250,34.606250,138.834375,34.608333,4.6,113.163456,5138762643,0,0.000009,0
2,138.831250,34.608333,138.834375,34.610417,4.6,116.266126,5138763621,0,0,0
2,138.784375,34.641667,138.787500,34.643750,4.6,125.529982,5138767222,0,0.000359,0
2,138.828125,34.645833,138.831250,34.647917,4.6,126.983509,5138767632,0,0.000055,0
2,138.809375,34.652083,138.812500,34.654167,4.6,120.994839,5138768424,0,0.000202,0
2,138.815625,34.652083,138.818750,34.654167,4.6,119.823188,5138768514,0,0.000349,0
2,138.965625,34.645833,138.968750,34.647917,4.6,123.056268,5138777732,0,0,0
2,138.962500,34.647917,138.965625,34.650000,4.6,107.41251,5138777733,0,0,0
2,138.965625,34.647917,138.968750,34.650000,4.6,119.888393,5138777734,0,0,0
2,138.928125,34.656250,138.931250,34.658333,4.6,109.147912,5138778434,0,0,0
2,138.953125,34.652083,138.956250,34.654167,4.6,126.028527,5138778614,0,0,0
2,138.959375,34.650000,138.962500,34.652083,4.6,117.89217,5138778622,0,0,0
2,138.956250,34.652083,138.959375,34.654167,4.6,112.380992,5138778623,0,0,0
2,138.959375,34.652083,138.962500,34.654167,4.6,124.856875,5138778624,0,0,0
2,138.953125,34.654167,138.956250,34.656250,4.6,117.002393,5138778632,0,0,0
2,138.953125,34.656250,138.956250,34.658333,4.6,121.623795,5138778634,0,0,0
2,138.956250,34.654167,138.959375,34.656250,4.6,129.478276,5138778641,0,0.000047,0
2,138.956250,34.656250,138.959375,34.658333,4.6,107.97626,5138778643,0,0.000016,0
2,138.959375,34.656250,138.962500,34.658333,4.6,120.452143,5138778644,0,0.000142,0
2,138.968750,34.650000,138.971875,34.652083,4.6,129.196401,5138778721,0,0,0
2,138.968750,34.652083,138.971875,34.654167,4.6,110.037688,5138778723,0,0,0
2,138.971875,34.652083,138.975000,34.654167,4.6,122.513571,5138778724,0,0,0
2,138.962500,34.654167,138.965625,34.656250,4.6,128.306625,5138778731,0,0.000331,0
2,138.962500,34.656250,138.965625,34.658333,4.6,106.804608,5138778733,0,0.000441,0
2,138.968750,34.654167,138.971875,34.656250,4.6,127.134973,5138778741,0,0.000465,0
2,138.971875,34.656250,138.975000,34.658333,4.6,118.10884,5138778744,0,0.000039,0
2,138.975000,34.652083,138.978125,34.654167,4.6,108.866037,5138778813,0,0,0
2,138.978125,34.652083,138.981250,34.654167,4.6,121.34192,5138778814,0,0,0
2,138.975000,34.654167,138.978125,34.656250,4.6,125.963321,5138778831,0,0.000008,0
2,138.975000,34.656250,138.978125,34.658333,4.6,130.584723,5138778833,0,0,0
2,138.987500,34.656250,138.990625,34.658333,4.6,128.241419,5138778933,0,0,0
2,138.937500,34.658333,138.940625,34.660417,4.6,123.901893,5138779511,0,0,0
2,138.943750,34.660417,138.946875,34.662500,4.6,111.360804,5138779523,0,0,0
2,138.946875,34.660417,138.950000,34.662500,4.6,123.836687,5138779524,0,0,0
2,138.937500,34.664583,138.940625,34.666667,4.6,127.221232,5138779533,0,0,0
2,138.940625,34.664583,138.943750,34.666667,4.6,113.573697,5138779534,0,0,0
2,138.956250,34.658333,138.959375,34.660417,4.6,110.254358,5138779621,0,0,0
2,138.959375,34.658333,138.962500,34.660417,4.6,122.730241,5138779622,0,0.000188,0
2,138.959375,34.660417,138.962500,34.662500,4.6,122.665036,5138779624,0,0.000653,0
2,138.956250,34.662500,138.959375,34.664583,4.6,123.771482,5138779641,0,0,0
2,138.959375,34.662500,138.962500,34.664583,4.6,110.123947,5138779642,0,0.00041,0
2,138.959375,34.664583,138.962500,34.666667,4.6,111.230394,5138779644,0,0,0
2,138.965625,34.658333,138.968750,34.660417,4.6,121.558589,5138779712,0,0.000842,0
2,138.962500,34.660417,138.965625,34.662500,4.6,109.017501,5138779713,0,0.000834,0
2,138.968750,34.658333,138.971875,34.660417,4.6,107.911055,5138779721,0,0.000102,0
2,138.962500,34.662500,138.965625,34.664583,4.6,122.59983,5138779731,0,0.000708,0
2,138.962500,34.664583,138.965625,34.666667,4.6,123.706277,5138779733,0,0.000197,0
2,138.968750,34.662500,138.971875,34.664583,4.6,121.428179,5138779741,0,0.000094,0
2,138.971875,34.662500,138.975000,34.664583,4.6,107.780644,5138779742,0,0.000229,0
2,138.968750,34.664583,138.971875,34.666667,4.6,122.534625,5138779743,0,0.001049,0
2,138.971875,34.664583,138.975000,34.666667,4.6,108.88709,5138779744,0,0.00011,0
2,138.975000,34.658333,138.978125,34.660417,4.6,106.739403,5138779811,0,0.000008,0
2,138.978125,34.658333,138.981250,34.660417,4.6,119.215286,5138779812,0,0,0
2,138.975000,34.660417,138.978125,34.662500,4.6,106.674198,5138779813,0,0.000347,0
2,138.978125,34.660417,138.981250,34.662500,4.6,119.150081,5138779814,0,0.000118,0
2,138.984375,34.658333,138.987500,34.660417,4.6,118.043634,5138779822,0,0.000008,0
2,138.981250,34.660417,138.984375,34.662500,4.6,105.502546,5138779823,0,0.000403,0
2,138.975000,34.664583,138.978125,34.666667,4.6,121.362973,5138779833,0,0.000474,0
2,138.978125,34.664583,138.981250,34.666667,4.6,107.715438,5138779834,0,0.000024,0
2,138.981250,34.662500,138.984375,34.664583,4.6,119.084875,5138779841,0,0.000016,0
2,138.984375,34.662500,138.987500,34.664583,4.6,105.43734,5138779842,0,0,0
2,138.981250,34.664583,138.984375,34.666667,4.6,120.191321,5138779843,0,0,0
2,138.984375,34.664583,138.987500,34.666667,4.6,106.543787,5138779844,0,0,0
2,138.987500,34.662500,138.990625,34.664583,4.6,117.913223,5138779931,0,0,0
2,138.987500,34.664583,138.990625,34.666667,4.6,119.01967,5138779933,0,0,0
2,138.937500,34.570833,138.940625,34.572917,4.5,96.149112,5138678531,0,0,0
2,138.940625,34.570833,138.943750,34.572917,4.5,107.242681,5138678532,0,0,0
2,138.937500,34.572917,138.940625,34.575000,4.5,95.107278,5138678533,0,0,0
2,138.943750,34.572917,138.946875,34.575000,4.5,94.065444,5138678543,0,0,0
2,138.940625,34.577083,138.943750,34.579167,4.5,104.117179,5138679514,0,0,0
2,138.825000,34.597917,138.828125,34.600000,4.5,115.210748,5138761633,0,0,0
2,138.828125,34.602083,138.831250,34.604167,4.5,112.085246,5138762614,0,0,0
2,138.831250,34.602083,138.834375,34.604167,4.5,99.949843,5138762623,0,0,0
2,138.834375,34.602083,138.837500,34.604167,4.5,111.043412,5138762624,0,0,0
2,138.837500,34.600000,138.840625,34.602083,4.5,103.075345,5138762711,0,0,0
2,138.846875,34.602083,138.850000,34.604167,4.5,108.959744,5138762724,0,0,0
2,138.853125,34.604167,138.856250,34.606250,4.5,103.750574,5138762832,0,0,0
2,138.850000,34.606250,138.853125,34.608333,4.5,97.49957,5138762833,0,0,0
2,138.853125,34.606250,138.856250,34.608333,4.5,108.593139,5138762834,0,0,0
2,138.856250,34.604167,138.859375,34.606250,4.5,114.844143,5138762841,0,0,0
2,138.859375,34.604167,138.862500,34.606250,4.5,102.70874,5138762842,0,0,0
2,138.856250,34.606250,138.859375,34.608333,4.5,96.457736,5138762843,0,0,0
2,138.859375,34.606250,138.862500,34.608333,4.5,107.551305,5138762844,0,0,0
2,138.862500,34.606250,138.865625,34.608333,4.5,95.415902,5138762933,0,0,0
2,138.865625,34.606250,138.868750,34.608333,4.5,106.509471,5138762934,0,0,0
2,138.815625,34.608333,138.818750,34.610417,4.5,105.467637,5138763512,0,0,0
2,138.812500,34.610417,138.815625,34.612500,4.5,109.268368,5138763513,0,0,0
2,138.815625,34.610417,138.818750,34.612500,4.5,97.132965,5138763514,0,0,0
2,138.821875,34.608333,138.825000,34.610417,4.5,93.332234,5138763522,0,0,0
2,138.818750,34.610417,138.821875,34.612500,4.5,108.226534,5138763523,0,0,0
2,138.850000,34.608333,138.853125,34.610417,4.5,100.258467,5138763811,0,0,0
2,138.856250,34.608333,138.859375,34.610417,4.5,111.352036,5138763821,0,0,0
2,138.859375,34.608333,138.862500,34.610417,4.5,99.216633,5138763822,0,0,0
2,138.859375,34.610417,138.862500,34.612500,4.5,113.069099,5138763824,0,0,0
2,138.862500,34.612500,138.865625,34.614583,4.5,113.744328,5138763931,0,0,0
2,138.862500,34.614583,138.865625,34.616667,4.5,115.461391,5138763933,0,0,0
2,138.865625,34.614583,138.868750,34.616667,4.5,103.325988,5138763934,0,0,0
2,138.868750,34.614583,138.871875,34.616667,4.5,114.419557,5138763943,0,0,0
2,138.871875,34.614583,138.875000,34.616667,4.5,102.284154,5138763944,0,0,0
2,138.796875,34.618750,138.800000,34.620833,4.5,100.875715,5138764324,0,0,0
2,138.803125,34.622917,138.806250,34.625000,4.5,97.017004,5138764434,0,0,0
2,138.865625,34.616667,138.868750,34.618750,4.5,102.959383,5138764912,0,0,0
2,138.790625,34.627083,138.793750,34.629167,4.5,100.084525,5138765314,0,0,0
2,138.787500,34.629167,138.790625,34.631250,4.5,105.602319,5138765331,0,0,0
2,138.790625,34.629167,138.793750,34.631250,4.5,93.466916,5138765332,0,0,0
2,138.806250,34.625000,138.809375,34.627083,4.5,114.670201,5138765421,0,0,0
2,138.809375,34.629167,138.812500,34.631250,4.5,113.570386,5138765442,0,0.000617,0
2,138.781250,34.635417,138.784375,34.637500,4.5,113.82103,5138766223,0,0,0
2,138.784375,34.635417,138.787500,34.637500,4.5,101.685627,5138766224,0,0,0
2,138.775000,34.637500,138.778125,34.639583,4.5,103.036085,5138766231,0,0,0
2,138.787500,34.633333,138.790625,34.635417,4.5,100.335168,5138766311,0,0,0
2,138.768750,34.652083,138.771875,34.654167,4.5,102.746181,5138768123,0,0,0
2,138.768750,34.654167,138.771875,34.656250,4.5,95.761968,5138768141,0,0,0
2,138.771875,34.656250,138.775000,34.658333,4.5,110.964892,5138768144,0,0,0
2,138.778125,34.660417,138.781250,34.662500,4.5,115.016267,5138769214,0,0,0
2,138.781250,34.662500,138.784375,34.664583,4.5,114.958286,5138769241,0,0,0
2,138.784375,34.662500,138.787500,34.664583,4.5,102.822883,5138769242,0,0,0
2,138.787500,34.662500,138.790625,34.664583,4.5,113.916452,5138769331,0,0,0
2,138.921875,34.606250,138.925000,34.608333,4.5,94.374068,5138772344,0,0,0
2,138.875000,34.614583,138.878125,34.616667,4.5,113.377723,5138773033,0,0,0
2,138.878125,34.614583,138.881250,34.616667,4.5,101.24232,5138773034,0,0,0
2,138.909375,34.610417,138.912500,34.612500,4.5,100.933696,5138773224,0,0,0
2,138.912500,34.608333,138.915625,34.610417,4.5,110.310202,5138773311,0,0,0
2,138.912500,34.610417,138.915625,34.612500,4.5,112.027265,5138773313,0,0,0
2,138.918750,34.612500,138.921875,34.614583,4.5,101.608925,5138773341,0,0,0
2,138.918750,34.614583,138.921875,34.616667,4.5,112.335889,5138773343,0,0,0
2,138.931250,34.608333,138.934375,34.610417,4.5,98.174799,5138773421,0,0,0
2,138.931250,34.610417,138.934375,34.612500,4.5,99.891862,5138773423,0,0,0
2,138.875000,34.616667,138.878125,34.618750,4.5,113.011119,5138774011,0,0,0
2,138.875000,34.618750,138.878125,34.620833,4.5,101.550944,5138774013,0,0,0
2,138.878125,34.620833,138.881250,34.622917,4.5,100.142506,5138774032,0,0,0
2,138.884375,34.620833,138.887500,34.622917,4.5,111.236075,5138774042,0,0,0
2,138.925000,34.622917,138.928125,34.625000,4.5,94.566731,5138774433,0,0,0
2,138.890625,34.625000,138.893750,34.627083,4.5,112.219928,5138775112,0,0,0
2,138.890625,34.629167,138.893750,34.631250,4.5,100.026544,5138775132,0,0,0
2,138.896875,34.629167,138.900000,34.631250,4.5,111.120113,5138775142,0,0,0
2,138.903125,34.627083,138.906250,34.629167,4.5,94.50875,5138775214,0,0,0
2,138.906250,34.629167,138.909375,34.631250,4.5,97.942876,5138775241,0,0,0
2,138.909375,34.631250,138.912500,34.633333,4.5,101.377002,5138775244,0,0,0
2,138.912500,34.631250,138.915625,34.633333,4.5,112.470572,5138775333,0,0,0
2,138.912500,34.633333,138.915625,34.635417,4.5,102.727461,5138776311,0,0,0
2,138.912500,34.635417,138.915625,34.637500,4.5,115.171488,5138776313,0,0,0
2,138.915625,34.639583,138.918750,34.641667,4.5,102.611499,5138776334,0,0,0
2,138.959375,34.654167,138.962500,34.656250,4.5,102.996825,5138778642,0,0.000004,0
2,138.971875,34.654167,138.975000,34.656250,4.5,100.913157,5138778742,0,0.00001,0
2,138.968750,34.656250,138.971875,34.658333,4.5,93.928943,5138778743,0,0.000498,0
2,138.956250,34.660417,138.959375,34.662500,4.5,97.980318,5138779623,0,0,0
2,138.825000,34.606250,138.828125,34.608333,4.4,90.402326,5138762633,0,0,0
2,138.828125,34.606250,138.831250,34.608333,4.4,100.26674,5138762634,0,0,0
2,138.825000,34.608333,138.828125,34.610417,4.4,92.855541,5138763611,0,0,0
2,138.828125,34.608333,138.831250,34.610417,4.4,102.719955,5138763612,0,0,0
2,138.856250,34.622917,138.859375,34.625000,4.3,88.485876,5138764843,0,0,0
2,138.859375,34.622917,138.862500,34.625000,4.3,78.890672,5138764844,0,0,0
2,138.868750,34.618750,138.871875,34.620833,4.3,81.117917,5138764923,0,0,0
2,138.871875,34.618750,138.875000,34.620833,4.3,89.889365,5138764924,0,0,0
2,138.862500,34.620833,138.865625,34.622917,4.3,90.423255,5138764931,0,0,0
2,138.865625,34.620833,138.868750,34.622917,4.3,80.828051,5138764932,0,0,0
2,138.862500,34.622917,138.865625,34.625000,4.3,87.66212,5138764933,0,0,0
2,138.865625,34.622917,138.868750,34.625000,4.3,78.066916,5138764934,0,0,0
2,138.868750,34.620833,138.871875,34.622917,4.3,89.599499,5138764941,0,0,0
2,138.871875,34.620833,138.875000,34.622917,4.3,80.004295,5138764942,0,0,0
2,138.868750,34.622917,138.871875,34.625000,4.3,86.838364,5138764943,0,0,0
2,138.871875,34.622917,138.875000,34.625000,4.3,77.24316,5138764944,0,0,0
2,138.846875,34.627083,138.850000,34.629167,4.3,90.087544,5138765724,0,0,0
2,138.837500,34.631250,138.840625,34.633333,4.3,89.217944,5138765733,0,0,0
2,138.840625,34.631250,138.843750,34.633333,4.3,79.62274,5138765734,0,0,0
2,138.843750,34.629167,138.846875,34.631250,4.3,76.083694,5138765741,0,0,0
2,138.846875,34.629167,138.850000,34.631250,4.3,84.855142,5138765742,0,0,0
2,138.843750,34.631250,138.846875,34.633333,4.3,88.394188,5138765743,0,0,0
2,138.846875,34.631250,138.850000,34.633333,4.3,78.798984,5138765744,0,0,0
2,138.853125,34.625000,138.856250,34.627083,4.3,75.305782,5138765812,0,0,0
2,138.850000,34.627083,138.853125,34.629167,4.3,80.49234,5138765813,0,0,0
2,138.853125,34.627083,138.856250,34.629167,4.3,89.263788,5138765814,0,0,0
2,138.856250,34.625000,138.859375,34.627083,4.3,84.07723,5138765821,0,0,0
2,138.859375,34.625000,138.862500,34.627083,4.3,74.482026,5138765822,0,0,0
2,138.856250,34.627083,138.859375,34.629167,4.3,79.668584,5138765823,0,0,0
2,138.859375,34.627083,138.862500,34.629167,4.3,88.440032,5138765824,0,0,0
2,138.850000,34.629167,138.853125,34.631250,4.3,75.259938,5138765831,0,0,0
2,138.853125,34.629167,138.856250,34.631250,4.3,84.031386,5138765832,0,0,0
2,138.850000,34.631250,138.853125,34.633333,4.3,87.570432,5138765833,0,0,0
2,138.853125,34.631250,138.856250,34.633333,4.3,77.975228,5138765834,0,0,0
2,138.856250,34.629167,138.859375,34.631250,4.3,74.436182,5138765841,0,0,0
2,138.859375,34.629167,138.862500,34.631250,4.3,83.20763,5138765842,0,0,0
2,138.856250,34.631250,138.859375,34.633333,4.3,86.746676,5138765843,0,0,0
2,138.859375,34.631250,138.862500,34.633333,4.3,77.151472,5138765844,0,0,0
2,138.862500,34.625000,138.865625,34.627083,4.3,83.253474,5138765911,0,0,0
2,138.865625,34.625000,138.868750,34.627083,4.3,73.65827,5138765912,0,0,0
2,138.862500,34.627083,138.865625,34.629167,4.3,78.844828,5138765913,0,0,0
2,138.865625,34.627083,138.868750,34.629167,4.3,87.616276,5138765914,0,0,0
2,138.868750,34.625000,138.871875,34.627083,4.3,82.429718,5138765921,0,0,0
2,138.871875,34.625000,138.875000,34.627083,4.3,91.201166,5138765922,0,0,0
2,138.868750,34.627083,138.871875,34.629167,4.3,78.021072,5138765923,0,0,0
2,138.871875,34.627083,138.875000,34.629167,4.3,86.79252,5138765924,0,0,0
2,138.862500,34.629167,138.865625,34.631250,4.3,73.612426,5138765931,0,0,0
2,138.865625,34.629167,138.868750,34.631250,4.3,82.383874,5138765932,0,0,0
2,138.862500,34.631250,138.865625,34.633333,4.3,85.92292,5138765933,0,0,0
2,138.865625,34.631250,138.868750,34.633333,4.3,76.327716,5138765934,0,0,0
2,138.868750,34.629167,138.871875,34.631250,4.3,91.155322,5138765941,0,0,0
2,138.871875,34.629167,138.875000,34.631250,4.3,81.560118,5138765942,0,0,0
2,138.868750,34.631250,138.871875,34.633333,4.3,85.099164,5138765943,0,0,0
2,138.871875,34.631250,138.875000,34.633333,4.3,75.503961,5138765944,0,0,0
2,138.821875,34.637500,138.825000,34.639583,4.3,84.473587,5138766542,0,0,0
2,138.818750,34.639583,138.821875,34.641667,4.3,84.71761,5138766543,0,0,0
2,138.821875,34.639583,138.825000,34.641667,4.3,75.122406,5138766544,0,0,0
2,138.828125,34.635417,138.831250,34.637500,4.3,74.634361,5138766614,0,0,0
2,138.831250,34.633333,138.834375,34.635417,4.3,73.566582,5138766621,0,0,0
2,138.834375,34.633333,138.837500,34.635417,4.3,82.33803,5138766622,0,0,0
2,138.831250,34.635417,138.834375,34.637500,4.3,83.405809,5138766623,0,0,0
2,138.834375,34.635417,138.837500,34.637500,4.3,73.810605,5138766624,0,0,0
2,138.825000,34.637500,138.828125,34.639583,4.3,74.878383,5138766631,0,0,0
2,138.828125,34.637500,138.831250,34.639583,4.3,83.649831,5138766632,0,0,0
2,138.825000,34.639583,138.828125,34.641667,4.3,83.893854,5138766633,0,0,0
2,138.828125,34.639583,138.831250,34.641667,4.3,74.29865,5138766634,0,0,0
2,138.831250,34.637500,138.834375,34.639583,4.3,74.054627,5138766641,0,0,0
2,138.834375,34.637500,138.837500,34.639583,4.3,82.826075,5138766642,0,0,0
2,138.831250,34.639583,138.834375,34.641667,4.3,83.070098,5138766643,0,0,0
2,138.834375,34.639583,138.837500,34.641667,4.3,73.474894,5138766644,0,0,0
2,138.837500,34.633333,138.840625,34.635417,4.3,91.109478,5138766711,0,0,0
2,138.840625,34.633333,138.843750,34.635417,4.3,81.514274,5138766712,0,0,0
2,138.837500,34.635417,138.840625,34.637500,4.3,82.582053,5138766713,0,0,0
2,138.840625,34.635417,138.843750,34.637500,4.3,91.353501,5138766714,0,0,0
2,138.843750,34.633333,138.846875,34.635417,4.3,90.285722,5138766721,0,0,0
2,138.846875,34.633333,138.850000,34.635417,4.3,80.690518,5138766722,0,0,0
2,138.843750,34.635417,138.846875,34.637500,4.3,81.758297,5138766723,0,0,0
2,138.846875,34.635417,138.850000,34.637500,4.3,90.529745,5138766724,0,0,0
2,138.837500,34.637500,138.840625,34.639583,4.3,91.597523,5138766731,0,0,0
2,138.840625,34.637500,138.843750,34.639583,4.3,82.002319,5138766732,0,0,0
2,138.837500,34.639583,138.840625,34.641667,4.3,82.246342,5138766733,0,0,0
2,138.840625,34.639583,138.843750,34.641667,4.3,91.01779,5138766734,0,0,0
2,138.843750,34.637500,138.846875,34.639583,4.3,90.773767,5138766741,0,0,0
2,138.846875,34.637500,138.850000,34.639583,4.3,81.178564,5138766742,0,0,0
2,138.843750,34.639583,138.846875,34.641667,4.3,81.422586,5138766743,0,0,0
2,138.846875,34.639583,138.850000,34.641667,4.3,90.194034,5138766744,0,0,0
2,138.850000,34.633333,138.853125,34.635417,4.3,89.461966,5138766811,0,0,0
2,138.853125,34.633333,138.856250,34.635417,4.3,79.866763,5138766812,0,0,0
2,138.850000,34.635417,138.853125,34.637500,4.3,80.934541,5138766813,0,0,0
2,138.853125,34.635417,138.856250,34.637500,4.3,89.705989,5138766814,0,0,0
2,138.856250,34.633333,138.859375,34.635417,4.3,88.638211,5138766821,0,0,0
2,138.859375,34.633333,138.862500,34.635417,4.3,79.043007,5138766822,0,0,0
2,138.856250,34.635417,138.859375,34.637500,4.3,80.110785,5138766823,0,0,0
2,138.859375,34.635417,138.862500,34.637500,4.3,88.882233,5138766824,0,0,0
2,138.850000,34.637500,138.853125,34.639583,4.3,89.950012,5138766831,0,0,0
2,138.853125,34.637500,138.856250,34.639583,4.3,80.354808,5138766832,0,0,0
2,138.850000,34.639583,138.853125,34.641667,4.3,80.59883,5138766833,0,0,0
2,138.853125,34.639583,138.856250,34.641667,4.3,89.370278,5138766834,0,0,0
2,138.856250,34.637500,138.859375,34.639583,4.3,89.126256,5138766841,0,0,0
2,138.859375,34.637500,138.862500,34.639583,4.3,79.531052,5138766842,0,0,0
2,138.856250,34.639583,138.859375,34.641667,4.3,79.775074,5138766843,0,0,0
2,138.859375,34.639583,138.862500,34.641667,4.3,88.546522,5138766844,0,0,0
2,138.862500,34.633333,138.865625,34.635417,4.3,87.814455,5138766911,0,0,0
2,138.865625,34.633333,138.868750,34.635417,4.3,78.219251,5138766912,0,0,0
2,138.862500,34.635417,138.865625,34.637500,4.3,79.287029,5138766913,0,0,0
2,138.865625,34.635417,138.868750,34.637500,4.3,88.058477,5138766914,0,0,0
2,138.868750,34.633333,138.871875,34.635417,4.3,86.990699,5138766921,0,0,0
2,138.871875,34.633333,138.875000,34.635417,4.3,77.395495,5138766922,0,0,0
2,138.868750,34.635417,138.871875,34.637500,4.3,78.463273,5138766923,0,0,0
2,138.871875,34.635417,138.875000,34.637500,4.3,87.234721,5138766924,0,0,0
2,138.862500,34.637500,138.865625,34.639583,4.3,88.3025,5138766931,0,0,0
2,138.865625,34.637500,138.868750,34.639583,4.3,78.707296,5138766932,0,0,0
2,138.862500,34.639583,138.865625,34.641667,4.3,78.951318,5138766933,0,0,0
2,138.865625,34.639583,138.868750,34.641667,4.3,87.722766,5138766934,0,0,0
2,138.868750,34.637500,138.871875,34.639583,4.3,87.478744,5138766941,0,0,0
2,138.871875,34.637500,138.875000,34.639583,4.3,77.88354,5138766942,0,0,0
2,138.868750,34.639583,138.871875,34.641667,4.3,78.127563,5138766943,0,0,0
2,138.871875,34.639583,138.875000,34.641667,4.3,86.899011,5138766944,0,0,0
2,138.809375,34.643750,138.812500,34.645833,4.3,74.786695,5138767424,0,0,0
2,138.803125,34.645833,138.806250,34.647917,4.3,74.206962,5138767432,0,0,0
2,138.800000,34.647917,138.803125,34.650000,4.3,91.170124,5138767433,0,0,0
2,138.803125,34.647917,138.806250,34.650000,4.3,81.57492,5138767434,0,0,0
2,138.806250,34.645833,138.809375,34.647917,4.3,82.97841,5138767441,0,0,0
2,138.809375,34.645833,138.812500,34.647917,4.3,91.749858,5138767442,0,0,0
2,138.806250,34.647917,138.809375,34.650000,4.3,90.346368,5138767443,0,0,0
2,138.809375,34.647917,138.812500,34.650000,4.3,80.751165,5138767444,0,0,0
2,138.812500,34.641667,138.815625,34.643750,4.3,75.366428,5138767511,0,0,0
2,138.815625,34.641667,138.818750,34.643750,4.3,84.137876,5138767512,0,0,0
2,138.812500,34.643750,138.815625,34.645833,4.3,83.558143,5138767513,0,0,0
2,138.815625,34.643750,138.818750,34.645833,4.3,73.962939,5138767514,0,0,0
2,138.818750,34.641667,138.821875,34.643750,4.3,74.542672,5138767521,0,0,0
2,138.821875,34.641667,138.825000,34.643750,4.3,83.31412,5138767522,0,0,0
2,138.818750,34.643750,138.821875,34.645833,4.3,82.734387,5138767523,0,0,0
2,138.821875,34.643750,138.825000,34.645833,4.3,91.505835,5138767524,0,0,0
2,138.812500,34.645833,138.815625,34.647917,4.3,82.154654,5138767531,0,0,0
2,138.815625,34.645833,138.818750,34.647917,4.3,90.926102,5138767532,0,0,0
2,138.812500,34.647917,138.815625,34.650000,4.3,89.522613,5138767533,0,0,0
2,138.815625,34.647917,138.818750,34.650000,4.3,79.927409,5138767534,0,0,0
2,138.818750,34.645833,138.821875,34.647917,4.3,81.330898,5138767541,0,0,0
2,138.821875,34.645833,138.825000,34.647917,4.3,90.102346,5138767542,0,0,0
2,138.818750,34.647917,138.821875,34.650000,4.3,88.698857,5138767543,0,0,0
2,138.821875,34.647917,138.825000,34.650000,4.3,79.103653,5138767544,0,0,0
2,138.825000,34.641667,138.828125,34.643750,4.3,73.718917,5138767611,0,0,0
2,138.828125,34.641667,138.831250,34.643750,4.3,82.490365,5138767612,0,0,0
2,138.828125,34.643750,138.831250,34.645833,4.3,90.682079,5138767614,0,0,0
2,138.831250,34.641667,138.834375,34.643750,4.3,91.261813,5138767621,0,0,0
2,138.834375,34.641667,138.837500,34.643750,4.3,81.666609,5138767622,0,0,0
2,138.831250,34.643750,138.834375,34.645833,4.3,81.086875,5138767623,0,0,0
2,138.834375,34.643750,138.837500,34.645833,4.3,89.858323,5138767624,0,0,0
2,138.825000,34.645833,138.828125,34.647917,4.3,80.507142,5138767631,0,0,0
2,138.825000,34.647917,138.828125,34.650000,4.3,87.875101,5138767633,0,0,0
2,138.828125,34.647917,138.831250,34.650000,4.3,78.279897,5138767634,0,0,0
2,138.831250,34.645833,138.834375,34.647917,4.3,79.683386,5138767641,0,0,0
2,138.834375,34.645833,138.837500,34.647917,4.3,88.454834,5138767642,0,0,0
2,138.831250,34.647917,138.834375,34.650000,4.3,87.051345,5138767643,0,0,0
2,138.834375,34.647917,138.837500,34.650000,4.3,77.456141,5138767644,0,0,0
2,138.837500,34.641667,138.840625,34.643750,4.3,90.438057,5138767711,0,0,0
2,138.840625,34.641667,138.843750,34.643750,4.3,80.842853,5138767712,0,0,0
2,138.837500,34.643750,138.840625,34.645833,4.3,80.263119,5138767713,0,0,0
2,138.840625,34.643750,138.843750,34.645833,4.3,89.034567,5138767714,0,0,0
2,138.843750,34.641667,138.846875,34.643750,4.3,89.614301,5138767721,0,0,0
2,138.846875,34.641667,138.850000,34.643750,4.3,80.019097,5138767722,0,0,0
2,138.843750,34.643750,138.846875,34.645833,4.3,79.439364,5138767723,0,0,0
2,138.846875,34.643750,138.850000,34.645833,4.3,88.210812,5138767724,0,0,0
2,138.837500,34.645833,138.840625,34.647917,4.3,78.85963,5138767731,0,0,0
2,138.837500,34.647917,138.840625,34.650000,4.3,86.227589,5138767733,0,0,0
2,138.843750,34.647917,138.846875,34.650000,4.3,85.403833,5138767743,0,0,0
2,138.846875,34.647917,138.850000,34.650000,4.3,75.808629,5138767744,0,0,0
2,138.850000,34.641667,138.853125,34.643750,4.3,88.790545,5138767811,0,0,0
2,138.853125,34.641667,138.856250,34.643750,4.3,79.195341,5138767812,0,0,0
2,138.850000,34.643750,138.853125,34.645833,4.3,78.615608,5138767813,0,0,0
2,138.853125,34.643750,138.856250,34.645833,4.3,87.387056,5138767814,0,0,0
2,138.856250,34.641667,138.859375,34.643750,4.3,87.966789,5138767821,0,0,0
2,138.859375,34.641667,138.862500,34.643750,4.3,78.371585,5138767822,0,0,0
2,138.856250,34.643750,138.859375,34.645833,4.3,77.791852,5138767823,0,0,0
2,138.859375,34.643750,138.862500,34.645833,4.3,86.5633,5138767824,0,0,0
2,138.850000,34.647917,138.853125,34.650000,4.3,84.580077,5138767833,0,0,0
2,138.856250,34.645833,138.859375,34.647917,4.3,76.388363,5138767841,0,0,0
2,138.859375,34.645833,138.862500,34.647917,4.3,85.159811,5138767842,0,0,0
2,138.862500,34.641667,138.865625,34.643750,4.3,87.143033,5138767911,0,0,0
2,138.862500,34.643750,138.865625,34.645833,4.3,76.968096,5138767913,0,0,0
2,138.865625,34.643750,138.868750,34.645833,4.3,85.739544,5138767914,0,0,0
2,138.871875,34.641667,138.875000,34.643750,4.3,76.724073,5138767922,0,0,0
2,138.868750,34.643750,138.871875,34.645833,4.3,76.14434,5138767923,0,0,0
2,138.862500,34.645833,138.865625,34.647917,4.3,75.564607,5138767931,0,0,0
2,138.865625,34.645833,138.868750,34.647917,4.3,84.336055,5138767932,0,0,0
2,138.862500,34.647917,138.865625,34.650000,4.3,82.932566,5138767933,0,0,0
2,138.868750,34.645833,138.871875,34.647917,4.3,74.740851,5138767941,0,0,0
2,138.784375,34.654167,138.787500,34.656250,4.3,82.840877,5138768242,0,0,0
2,138.781250,34.656250,138.784375,34.658333,4.3,86.913813,5138768243,0,0,0
2,138.784375,34.656250,138.787500,34.658333,4.3,77.318609,5138768244,0,0,0
2,138.790625,34.652083,138.793750,34.654167,4.3,87.53939,5138768314,0,0,0
2,138.793750,34.650000,138.796875,34.652083,4.3,80.995187,5138768321,0,0,0
2,138.796875,34.650000,138.800000,34.652083,4.3,89.766635,5138768322,0,0,0
2,138.793750,34.652083,138.796875,34.654167,4.3,77.944186,5138768323,0,0,0
2,138.796875,34.652083,138.800000,34.654167,4.3,86.715634,5138768324,0,0,0
2,138.787500,34.654167,138.790625,34.656250,4.3,91.612325,5138768331,0,0,0
2,138.790625,34.654167,138.793750,34.656250,4.3,82.017121,5138768332,0,0,0
2,138.787500,34.656250,138.790625,34.658333,4.3,86.090057,5138768333,0,0,0
2,138.790625,34.656250,138.793750,34.658333,4.3,76.494853,5138768334,0,0,0
2,138.793750,34.654167,138.796875,34.656250,4.3,90.78857,5138768341,0,0,0
2,138.796875,34.654167,138.800000,34.656250,4.3,81.193366,5138768342,0,0,0
2,138.793750,34.656250,138.796875,34.658333,4.3,85.266301,5138768343,0,0,0
2,138.796875,34.656250,138.800000,34.658333,4.3,75.671097,5138768344,0,0,0
2,138.800000,34.650000,138.803125,34.652083,4.3,80.171431,5138768411,0,0,0
2,138.803125,34.650000,138.806250,34.652083,4.3,88.942879,5138768412,0,0,0
2,138.800000,34.652083,138.803125,34.654167,4.3,77.12043,5138768413,0,0,0
2,138.803125,34.652083,138.806250,34.654167,4.3,85.891878,5138768414,0,0,0
2,138.806250,34.650000,138.809375,34.652083,4.3,79.347675,5138768421,0,0,0
2,138.809375,34.650000,138.812500,34.652083,4.3,88.119123,5138768422,0,0,0
2,138.806250,34.652083,138.809375,34.654167,4.3,76.296674,5138768423,0,0,0
2,138.800000,34.654167,138.803125,34.656250,4.3,89.964814,5138768431,0,0,0
2,138.803125,34.654167,138.806250,34.656250,4.3,80.36961,5138768432,0,0,0
2,138.800000,34.656250,138.803125,34.658333,4.3,84.442545,5138768433,0,0,0
2,138.803125,34.656250,138.806250,34.658333,4.3,74.847341,5138768434,0,0,0
2,138.806250,34.654167,138.809375,34.656250,4.3,89.141058,5138768441,0,0,0
2,138.809375,34.654167,138.812500,34.656250,4.3,79.545854,5138768442,0,0,0
2,138.806250,34.656250,138.809375,34.658333,4.3,83.618789,5138768443,0,0,0
2,138.809375,34.656250,138.812500,34.658333,4.3,74.023585,5138768444,0,0,0
2,138.812500,34.650000,138.815625,34.652083,4.3,78.52392,5138768511,0,0,0
2,138.815625,34.650000,138.818750,34.652083,4.3,87.295368,5138768512,0,0,0
2,138.818750,34.650000,138.821875,34.652083,4.3,77.700164,5138768521,0,0,0
2,138.821875,34.650000,138.825000,34.652083,4.3,86.471612,5138768522,0,0,0
2,138.812500,34.654167,138.815625,34.656250,4.3,88.317302,5138768531,0,0,0
2,138.815625,34.654167,138.818750,34.656250,4.3,78.722098,5138768532,0,0,0
2,138.812500,34.656250,138.815625,34.658333,4.3,82.795033,5138768533,0,0,0
2,138.815625,34.656250,138.818750,34.658333,4.3,91.566481,5138768534,0,0,0
2,138.821875,34.654167,138.825000,34.656250,4.3,77.898342,5138768542,0,0,0
2,138.818750,34.656250,138.821875,34.658333,4.3,81.971277,5138768543,0,0,0
2,138.821875,34.656250,138.825000,34.658333,4.3,90.742725,5138768544,0,0,0
2,138.825000,34.650000,138.828125,34.652083,4.3,76.876408,5138768611,0,0,0
2,138.828125,34.650000,138.831250,34.652083,4.3,85.647856,5138768612,0,0,0
2,138.825000,34.652083,138.828125,34.654167,4.3,73.825407,5138768613,0,0,0
2,138.828125,34.652083,138.831250,34.654167,4.3,82.596855,5138768614,0,0,0
2,138.831250,34.650000,138.834375,34.652083,4.3,76.052652,5138768621,0,0,0
2,138.831250,34.652083,138.834375,34.654167,4.3,91.368303,5138768623,0,0,0
2,138.834375,34.652083,138.837500,34.654167,4.3,81.773099,5138768624,0,0,0
2,138.825000,34.654167,138.828125,34.656250,4.3,86.66979,5138768631,0,0,0
2,138.828125,34.654167,138.831250,34.656250,4.3,77.074586,5138768632,0,0,0
2,138.825000,34.656250,138.828125,34.658333,4.3,81.147522,5138768633,0,0,0
2,138.828125,34.656250,138.831250,34.658333,4.3,89.91897,5138768634,0,0,0
2,138.831250,34.654167,138.834375,34.656250,4.3,85.846034,5138768641,0,0,0
2,138.834375,34.654167,138.837500,34.656250,4.3,76.25083,5138768642,0,0,0
2,138.831250,34.656250,138.834375,34.658333,4.3,80.323766,5138768643,0,0,0
2,138.834375,34.656250,138.837500,34.658333,4.3,89.095214,5138768644,0,0,0
2,138.837500,34.650000,138.840625,34.652083,4.3,75.228896,5138768711,0,0,0
2,138.840625,34.650000,138.843750,34.652083,4.3,84.000344,5138768712,0,0,0
2,138.837500,34.652083,138.840625,34.654167,4.3,90.544547,5138768713,0,0,0
2,138.840625,34.652083,138.843750,34.654167,4.3,80.949343,5138768714,0,0,0
2,138.843750,34.650000,138.846875,34.652083,4.3,74.40514,5138768721,0,0,0
2,138.846875,34.650000,138.850000,34.652083,4.3,83.176588,5138768722,0,0,0
2,138.843750,34.652083,138.846875,34.654167,4.3,89.720791,5138768723,0,0,0
2,138.846875,34.652083,138.850000,34.654167,4.3,80.125587,5138768724,0,0,0
2,138.837500,34.654167,138.840625,34.656250,4.3,85.022278,5138768731,0,0,0
2,138.840625,34.654167,138.843750,34.656250,4.3,75.427074,5138768732,0,0,0
2,138.837500,34.656250,138.840625,34.658333,4.3,79.50001,5138768733,0,0,0
2,138.840625,34.656250,138.843750,34.658333,4.3,88.271458,5138768734,0,0,0
2,138.843750,34.654167,138.846875,34.656250,4.3,84.198522,5138768741,0,0,0
2,138.846875,34.654167,138.850000,34.656250,4.3,74.603319,5138768742,0,0,0
2,138.843750,34.656250,138.846875,34.658333,4.3,78.676254,5138768743,0,0,0
2,138.846875,34.656250,138.850000,34.658333,4.3,87.447702,5138768744,0,0,0
2,138.850000,34.650000,138.853125,34.652083,4.3,73.581384,5138768811,0,0,0
2,138.853125,34.650000,138.856250,34.652083,4.3,82.352832,5138768812,0,0,0
2,138.850000,34.652083,138.853125,34.654167,4.3,88.897035,5138768813,0,0,0
2,138.853125,34.652083,138.856250,34.654167,4.3,79.301831,5138768814,0,0,0
2,138.859375,34.652083,138.862500,34.654167,4.3,78.478075,5138768824,0,0,0
2,138.850000,34.654167,138.853125,34.656250,4.3,83.374767,5138768831,0,0,0
2,138.853125,34.654167,138.856250,34.656250,4.3,73.779563,5138768832,0,0,0
2,138.850000,34.656250,138.853125,34.658333,4.3,77.852498,5138768833,0,0,0
2,138.853125,34.656250,138.856250,34.658333,4.3,86.623946,5138768834,0,0,0
2,138.859375,34.654167,138.862500,34.656250,4.3,91.322459,5138768842,0,0,0
2,138.859375,34.656250,138.862500,34.658333,4.3,85.80019,5138768844,0,0,0
2,138.865625,34.650000,138.868750,34.652083,4.3,80.70532,5138768912,0,0,0
2,138.862500,34.652083,138.865625,34.654167,4.3,87.249523,5138768913,0,0,0
2,138.865625,34.652083,138.868750,34.654167,4.3,77.65432,5138768914,0,0,0
2,138.868750,34.650000,138.871875,34.652083,4.3,89.476769,5138768921,0,0,0
2,138.871875,34.650000,138.875000,34.652083,4.3,79.881565,5138768922,0,0,0
2,138.868750,34.652083,138.871875,34.654167,4.3,86.425768,5138768923,0,0,0
2,138.871875,34.652083,138.875000,34.654167,4.3,76.830564,5138768924,0,0,0
2,138.862500,34.654167,138.865625,34.656250,4.3,81.727255,5138768931,0,0,0
2,138.865625,34.654167,138.868750,34.656250,4.3,90.498703,5138768932,0,0,0
2,138.862500,34.656250,138.865625,34.658333,4.3,76.204986,5138768933,0,0,0
2,138.865625,34.656250,138.868750,34.658333,4.3,84.976434,5138768934,0,0,0
2,138.868750,34.654167,138.871875,34.656250,4.3,80.903499,5138768941,0,0,0
2,138.871875,34.654167,138.875000,34.656250,4.3,89.674947,5138768942,0,0,0
2,138.868750,34.656250,138.871875,34.658333,4.3,75.38123,5138768943,0,0,0
2,138.871875,34.656250,138.875000,34.658333,4.3,84.152678,5138768944,0,0,0
2,138.778125,34.658333,138.781250,34.660417,4.3,80.567788,5138769212,0,0,0
2,138.781250,34.658333,138.784375,34.660417,4.3,89.339236,5138769221,0,0,0
2,138.784375,34.658333,138.787500,34.660417,4.3,79.744032,5138769222,0,0,0
2,138.781250,34.660417,138.784375,34.662500,4.3,81.3457,5138769223,0,0,0
2,138.784375,34.660417,138.787500,34.662500,4.3,90.117148,5138769224,0,0,0
2,138.778125,34.664583,138.781250,34.666667,4.3,91.672972,5138769234,0,0,0
2,138.781250,34.664583,138.784375,34.666667,4.3,82.077768,5138769243,0,0,0
2,138.787500,34.658333,138.790625,34.660417,4.3,88.51548,5138769311,0,0,0
2,138.790625,34.660417,138.793750,34.662500,4.3,89.293392,5138769314,0,0,0
2,138.793750,34.658333,138.796875,34.660417,4.3,87.691724,5138769321,0,0,0
2,138.796875,34.658333,138.800000,34.660417,4.3,78.096521,5138769322,0,0,0
2,138.793750,34.660417,138.796875,34.662500,4.3,79.698188,5138769323,0,0,0
2,138.796875,34.660417,138.800000,34.662500,4.3,88.469636,5138769324,0,0,0
2,138.790625,34.662500,138.793750,34.664583,4.3,80.4761,5138769332,0,0,0
2,138.787500,34.664583,138.790625,34.666667,4.3,90.849216,5138769333,0,0,0
2,138.790625,34.664583,138.793750,34.666667,4.3,81.254012,5138769334,0,0,0
2,138.793750,34.662500,138.796875,34.664583,4.3,89.247548,5138769341,0,0,0
2,138.796875,34.662500,138.800000,34.664583,4.3,79.652344,5138769342,0,0,0
2,138.793750,34.664583,138.796875,34.666667,4.3,90.02546,5138769343,0,0,0
2,138.796875,34.664583,138.800000,34.666667,4.3,80.430256,5138769344,0,0,0
2,138.800000,34.658333,138.803125,34.660417,4.3,86.867969,5138769411,0,0,0
2,138.803125,34.658333,138.806250,34.660417,4.3,77.272765,5138769412,0,0,0
2,138.800000,34.660417,138.803125,34.662500,4.3,78.874432,5138769413,0,0,0
2,138.803125,34.660417,138.806250,34.662500,4.3,87.64588,5138769414,0,0,0
2,138.806250,34.658333,138.809375,34.660417,4.3,86.044213,5138769421,0,0,0
2,138.809375,34.658333,138.812500,34.660417,4.3,76.449009,5138769422,0,0,0
2,138.806250,34.660417,138.809375,34.662500,4.3,78.050676,5138769423,0,0,0
2,138.809375,34.660417,138.812500,34.662500,4.3,86.822124,5138769424,0,0,0
2,138.800000,34.662500,138.803125,34.664583,4.3,88.423792,5138769431,0,0,0
2,138.803125,34.662500,138.806250,34.664583,4.3,78.828588,5138769432,0,0,0
2,138.800000,34.664583,138.803125,34.666667,4.3,89.201704,5138769433,0,0,0
2,138.803125,34.664583,138.806250,34.666667,4.3,79.6065,5138769434,0,0,0
2,138.806250,34.662500,138.809375,34.664583,4.3,87.600036,5138769441,0,0,0
2,138.809375,34.662500,138.812500,34.664583,4.3,78.004832,5138769442,0,0,0
2,138.806250,34.664583,138.809375,34.666667,4.3,88.377948,5138769443,0,0,0
2,138.809375,34.664583,138.812500,34.666667,4.3,78.782744,5138769444,0,0,0
2,138.812500,34.658333,138.815625,34.660417,4.3,85.220457,5138769511,0,0,0
2,138.815625,34.658333,138.818750,34.660417,4.3,75.625253,5138769512,0,0,0
2,138.812500,34.660417,138.815625,34.662500,4.3,77.226921,5138769513,0,0,0
2,138.815625,34.660417,138.818750,34.662500,4.3,85.998369,5138769514,0,0,0
2,138.818750,34.658333,138.821875,34.660417,4.3,84.396701,5138769521,0,0,0
2,138.821875,34.658333,138.825000,34.660417,4.3,74.801497,5138769522,0,0,0
2,138.818750,34.660417,138.821875,34.662500,4.3,76.403165,5138769523,0,0,0
2,138.821875,34.660417,138.825000,34.662500,4.3,85.174613,5138769524,0,0,0
2,138.812500,34.662500,138.815625,34.664583,4.3,86.77628,5138769531,0,0,0
2,138.815625,34.662500,138.818750,34.664583,4.3,77.181076,5138769532,0,0,0
2,138.812500,34.664583,138.815625,34.666667,4.3,87.554192,5138769533,0,0,0
2,138.815625,34.664583,138.818750,34.666667,4.3,77.958988,5138769534,0,0,0
2,138.818750,34.662500,138.821875,34.664583,4.3,85.952525,5138769541,0,0,0
2,138.821875,34.662500,138.825000,34.664583,4.3,76.357321,5138769542,0,0,0
2,138.818750,34.664583,138.821875,34.666667,4.3,86.730436,5138769543,0,0,0
2,138.821875,34.664583,138.825000,34.666667,4.3,77.135232,5138769544,0,0,0
2,138.825000,34.658333,138.828125,34.660417,4.3,83.572945,5138769611,0,0,0
2,138.828125,34.658333,138.831250,34.660417,4.3,73.977741,5138769612,0,0,0
2,138.825000,34.660417,138.828125,34.662500,4.3,75.579409,5138769613,0,0,0
2,138.828125,34.660417,138.831250,34.662500,4.3,84.350857,5138769614,0,0,0
2,138.831250,34.658333,138.834375,34.660417,4.3,82.749189,5138769621,0,0,0
2,138.834375,34.658333,138.837500,34.660417,4.3,91.520637,5138769622,0,0,0
2,138.831250,34.660417,138.834375,34.662500,4.3,74.755653,5138769623,0,0,0
2,138.834375,34.660417,138.837500,34.662500,4.3,83.527101,5138769624,0,0,0
2,138.825000,34.662500,138.828125,34.664583,4.3,85.128769,5138769631,0,0,0
2,138.828125,34.662500,138.831250,34.664583,4.3,75.533565,5138769632,0,0,0
2,138.825000,34.664583,138.828125,34.666667,4.3,85.90668,5138769633,0,0,0
2,138.828125,34.664583,138.831250,34.666667,4.3,76.311477,5138769634,0,0,0
2,138.831250,34.662500,138.834375,34.664583,4.3,84.305013,5138769641,0,0,0
2,138.834375,34.662500,138.837500,34.664583,4.3,74.709809,5138769642,0,0,0
2,138.831250,34.664583,138.834375,34.666667,4.3,85.082925,5138769643,0,0,0
2,138.834375,34.664583,138.837500,34.666667,4.3,75.487721,5138769644,0,0,0
2,138.837500,34.658333,138.840625,34.660417,4.3,81.925433,5138769711,0,0,0
2,138.840625,34.658333,138.843750,34.660417,4.3,90.696881,5138769712,0,0,0
2,138.837500,34.660417,138.840625,34.662500,4.3,73.931897,5138769713,0,0,0
2,138.840625,34.660417,138.843750,34.662500,4.3,82.703345,5138769714,0,0,0
2,138.843750,34.658333,138.846875,34.660417,4.3,81.101677,5138769721,0,0,0
2,138.846875,34.658333,138.850000,34.660417,4.3,89.873125,5138769722,0,0,0
2,138.843750,34.660417,138.846875,34.662500,4.3,91.474793,5138769723,0,0,0
2,138.846875,34.660417,138.850000,34.662500,4.3,81.879589,5138769724,0,0,0
2,138.837500,34.662500,138.840625,34.664583,4.3,83.481257,5138769731,0,0,0
2,138.840625,34.662500,138.843750,34.664583,4.3,73.886053,5138769732,0,0,0
2,138.837500,34.664583,138.840625,34.666667,4.3,84.259169,5138769733,0,0,0
2,138.840625,34.664583,138.843750,34.666667,4.3,74.663965,5138769734,0,0,0
2,138.843750,34.662500,138.846875,34.664583,4.3,82.657501,5138769741,0,0,0
2,138.846875,34.662500,138.850000,34.664583,4.3,91.428949,5138769742,0,0,0
2,138.843750,34.664583,138.846875,34.666667,4.3,83.435413,5138769743,0,0,0
2,138.846875,34.664583,138.850000,34.666667,4.3,73.840209,5138769744,0,0,0
2,138.850000,34.658333,138.853125,34.660417,4.3,80.277922,5138769811,0,0,0
2,138.853125,34.658333,138.856250,34.660417,4.3,89.04937,5138769812,0,0,0
2,138.850000,34.660417,138.853125,34.662500,4.3,90.651037,5138769813,0,0,0
2,138.853125,34.660417,138.856250,34.662500,4.3,81.055833,5138769814,0,0,0
2,138.856250,34.658333,138.859375,34.660417,4.3,79.454166,5138769821,0,0,0
2,138.859375,34.658333,138.862500,34.660417,4.3,88.225614,5138769822,0,0,0
2,138.850000,34.662500,138.853125,34.664583,4.3,81.833745,5138769831,0,0,0
2,138.853125,34.662500,138.856250,34.664583,4.3,90.605193,5138769832,0,0,0
2,138.850000,34.664583,138.853125,34.666667,4.3,82.611657,5138769833,0,0,0
2,138.853125,34.664583,138.856250,34.666667,4.3,91.383105,5138769834,0,0,0
2,138.859375,34.662500,138.862500,34.664583,4.3,89.781437,5138769842,0,0,0
2,138.856250,34.664583,138.859375,34.666667,4.3,81.787901,5138769843,0,0,0
2,138.859375,34.664583,138.862500,34.666667,4.3,90.559349,5138769844,0,0,0
2,138.862500,34.658333,138.865625,34.660417,4.3,78.63041,5138769911,0,0,0
2,138.865625,34.658333,138.868750,34.660417,4.3,87.401858,5138769912,0,0,0
2,138.862500,34.660417,138.865625,34.662500,4.3,89.003525,5138769913,0,0,0
2,138.865625,34.660417,138.868750,34.662500,4.3,79.408322,5138769914,0,0,0
2,138.868750,34.658333,138.871875,34.660417,4.3,77.806654,5138769921,0,0,0
2,138.871875,34.658333,138.875000,34.660417,4.3,86.578102,5138769922,0,0,0
2,138.868750,34.660417,138.871875,34.662500,4.3,88.17977,5138769923,0,0,0
2,138.871875,34.660417,138.875000,34.662500,4.3,78.584566,5138769924,0,0,0
2,138.865625,34.662500,138.868750,34.664583,4.3,88.957681,5138769932,0,0,0
2,138.862500,34.664583,138.865625,34.666667,4.3,80.964145,5138769933,0,0,0
2,138.865625,34.664583,138.868750,34.666667,4.3,89.735593,5138769934,0,0,0
2,138.868750,34.662500,138.871875,34.664583,4.3,79.362477,5138769941,0,0,0
2,138.871875,34.662500,138.875000,34.664583,4.3,88.133926,5138769942,0,0,0
2,138.868750,34.664583,138.871875,34.666667,4.3,80.140389,5138769943,0,0,0
2,138.871875,34.664583,138.875000,34.666667,4.3,88.911837,5138769944,0,0,0
2,138.875000,34.622917,138.878125,34.625000,4.3,86.014609,5138774033,0,0,0
2,138.884375,34.622917,138.887500,34.625000,4.3,75.595649,5138774044,0,0,0
2,138.887500,34.622917,138.890625,34.625000,4.3,84.367097,5138774133,0,0,0
2,138.875000,34.625000,138.878125,34.627083,4.3,81.605962,5138775011,0,0,0
2,138.878125,34.625000,138.881250,34.627083,4.3,90.37741,5138775012,0,0,0
2,138.875000,34.627083,138.878125,34.629167,4.3,77.197316,5138775013,0,0,0
2,138.878125,34.627083,138.881250,34.629167,4.3,85.968764,5138775014,0,0,0
2,138.881250,34.625000,138.884375,34.627083,4.3,80.782207,5138775021,0,0,0
2,138.881250,34.627083,138.884375,34.629167,4.3,76.373561,5138775023,0,0,0
2,138.884375,34.627083,138.887500,34.629167,4.3,85.145009,5138775024,0,0,0
2,138.875000,34.629167,138.878125,34.631250,4.3,90.331566,5138775031,0,0,0
2,138.878125,34.629167,138.881250,34.631250,4.3,80.736362,5138775032,0,0,0
2,138.875000,34.631250,138.878125,34.633333,4.3,84.275409,5138775033,0,0,0
2,138.878125,34.631250,138.881250,34.633333,4.3,74.680205,5138775034,0,0,0
2,138.881250,34.629167,138.884375,34.631250,4.3,89.507811,5138775041,0,0,0
2,138.884375,34.629167,138.887500,34.631250,4.3,79.912607,5138775042,0,0,0
2,138.881250,34.631250,138.884375,34.633333,4.3,83.451653,5138775043,0,0,0
2,138.887500,34.625000,138.890625,34.627083,4.3,79.958451,5138775111,0,0,0
2,138.887500,34.627083,138.890625,34.629167,4.3,75.549805,5138775113,0,0,0
2,138.890625,34.627083,138.893750,34.629167,4.3,84.321253,5138775114,0,0,0
2,138.893750,34.631250,138.896875,34.633333,4.3,91.399345,5138775143,0,0,0
2,138.900000,34.629167,138.903125,34.631250,4.3,78.265095,5138775231,0,0,0
2,138.903125,34.629167,138.906250,34.631250,4.3,87.036543,5138775232,0,0,0
2,138.900000,34.631250,138.903125,34.633333,4.3,90.575589,5138775233,0,0,0
2,138.903125,34.631250,138.906250,34.633333,4.3,80.980385,5138775234,0,0,0
2,138.906250,34.631250,138.909375,34.633333,4.3,89.751833,5138775243,0,0,0
2,138.875000,34.633333,138.878125,34.635417,4.3,86.166943,5138776011,0,0,0
2,138.878125,34.633333,138.881250,34.635417,4.3,76.571739,5138776012,0,0,0
2,138.875000,34.635417,138.878125,34.637500,4.3,77.639517,5138776013,0,0,0
2,138.878125,34.635417,138.881250,34.637500,4.3,86.410965,5138776014,0,0,0
2,138.881250,34.633333,138.884375,34.635417,4.3,85.343187,5138776021,0,0,0
2,138.881250,34.635417,138.884375,34.637500,4.3,76.815762,5138776023,0,0,0
2,138.875000,34.637500,138.878125,34.639583,4.3,86.654988,5138776031,0,0,0
2,138.878125,34.637500,138.881250,34.639583,4.3,77.059784,5138776032,0,0,0
2,138.875000,34.639583,138.878125,34.641667,4.3,77.303807,5138776033,0,0,0
2,138.878125,34.639583,138.881250,34.641667,4.3,86.075255,5138776034,0,0,0
2,138.893750,34.633333,138.896875,34.635417,4.3,83.695675,5138776121,0,0,0
2,138.896875,34.633333,138.900000,34.635417,4.3,74.100471,5138776122,0,0,0
2,138.896875,34.635417,138.900000,34.637500,4.3,83.939698,5138776124,0,0,0
2,138.887500,34.639583,138.890625,34.641667,4.3,75.656295,5138776133,0,0,0
2,138.890625,34.639583,138.893750,34.641667,4.3,84.427743,5138776134,0,0,0
2,138.893750,34.637500,138.896875,34.639583,4.3,84.18372,5138776141,0,0,0
2,138.896875,34.637500,138.900000,34.639583,4.3,74.588516,5138776142,0,0,0
2,138.893750,34.639583,138.896875,34.641667,4.3,74.832539,5138776143,0,0,0
2,138.896875,34.639583,138.900000,34.641667,4.3,83.603987,5138776144,0,0,0
2,138.900000,34.633333,138.903125,34.635417,4.3,82.871919,5138776211,0,0,0
2,138.903125,34.633333,138.906250,34.635417,4.3,91.643367,5138776212,0,0,0
2,138.900000,34.635417,138.903125,34.637500,4.3,74.344494,5138776213,0,0,0
2,138.903125,34.635417,138.906250,34.637500,4.3,83.115942,5138776214,0,0,0
2,138.906250,34.633333,138.909375,34.635417,4.3,82.048163,5138776221,0,0,0
2,138.909375,34.633333,138.912500,34.635417,4.3,90.819612,5138776222,0,0,0
2,138.906250,34.635417,138.909375,34.637500,4.3,73.520738,5138776223,0,0,0
2,138.909375,34.635417,138.912500,34.637500,4.3,82.292186,5138776224,0,0,0
2,138.900000,34.637500,138.903125,34.639583,4.3,83.359965,5138776231,0,0,0
2,138.903125,34.637500,138.906250,34.639583,4.3,73.764761,5138776232,0,0,0
2,138.900000,34.639583,138.903125,34.641667,4.3,74.008783,5138776233,0,0,0
2,138.903125,34.639583,138.906250,34.641667,4.3,82.780231,5138776234,0,0,0
2,138.906250,34.637500,138.909375,34.639583,4.3,82.536209,5138776241,0,0,0
2,138.909375,34.637500,138.912500,34.639583,4.3,91.307657,5138776242,0,0,0
2,138.906250,34.639583,138.909375,34.641667,4.3,91.551679,5138776243,0,0,0
2,138.909375,34.639583,138.912500,34.641667,4.3,81.956475,5138776244,0,0,0
2,138.875000,34.641667,138.878125,34.643750,4.3,85.495521,5138777011,0,0,0
2,138.878125,34.641667,138.881250,34.643750,4.3,75.900317,5138777012,0,0,0
2,138.878125,34.643750,138.881250,34.645833,4.3,84.092032,5138777014,0,0,0
2,138.878125,34.645833,138.881250,34.647917,4.3,82.688543,5138777032,0,0,0
2,138.884375,34.645833,138.887500,34.647917,4.3,81.864787,5138777042,0,0,0
2,138.884375,34.647917,138.887500,34.650000,4.3,89.232746,5138777044,0,0,0
2,138.887500,34.641667,138.890625,34.643750,4.3,83.84801,5138777111,0,0,0
2,138.890625,34.641667,138.893750,34.643750,4.3,74.252806,5138777112,0,0,0
2,138.887500,34.643750,138.890625,34.645833,4.3,73.673072,5138777113,0,0,0
2,138.890625,34.643750,138.893750,34.645833,4.3,82.44452,5138777114,0,0,0
2,138.893750,34.641667,138.896875,34.643750,4.3,83.024254,5138777121,0,0,0
2,138.896875,34.641667,138.900000,34.643750,4.3,91.795702,5138777122,0,0,0
2,138.893750,34.643750,138.896875,34.645833,4.3,91.215968,5138777123,0,0,0
2,138.896875,34.643750,138.900000,34.645833,4.3,81.620765,5138777124,0,0,0
2,138.887500,34.645833,138.890625,34.647917,4.3,90.636235,5138777131,0,0,0
2,138.890625,34.645833,138.893750,34.647917,4.3,81.041031,5138777132,0,0,0
2,138.887500,34.647917,138.890625,34.650000,4.3,79.637542,5138777133,0,0,0
2,138.890625,34.647917,138.893750,34.650000,4.3,88.40899,5138777134,0,0,0
2,138.893750,34.645833,138.896875,34.647917,4.3,89.812479,5138777141,0,0,0
2,138.896875,34.645833,138.900000,34.647917,4.3,80.217275,5138777142,0,0,0
2,138.893750,34.647917,138.896875,34.650000,4.3,78.813786,5138777143,0,0,0
2,138.896875,34.647917,138.900000,34.650000,4.3,87.585234,5138777144,0,0,0
2,138.900000,34.641667,138.903125,34.643750,4.3,82.200498,5138777211,0,0,0
2,138.903125,34.641667,138.906250,34.643750,4.3,90.971946,5138777212,0,0,0
2,138.900000,34.643750,138.903125,34.645833,4.3,90.392213,5138777213,0,0,0
2,138.903125,34.643750,138.906250,34.645833,4.3,80.797009,5138777214,0,0,0
2,138.906250,34.641667,138.909375,34.643750,4.3,81.376742,5138777221,0,0,0
2,138.906250,34.643750,138.909375,34.645833,4.3,89.568457,5138777223,0,0,0
2,138.909375,34.643750,138.912500,34.645833,4.3,79.973253,5138777224,0,0,0
2,138.900000,34.645833,138.903125,34.647917,4.3,88.988723,5138777231,0,0,0
2,138.903125,34.645833,138.906250,34.647917,4.3,79.393519,5138777232,0,0,0
2,138.900000,34.647917,138.903125,34.650000,4.3,77.99003,5138777233,0,0,0
2,138.903125,34.647917,138.906250,34.650000,4.3,86.761478,5138777234,0,0,0
2,138.906250,34.645833,138.909375,34.647917,4.3,88.164968,5138777241,0,0,0
2,138.909375,34.645833,138.912500,34.647917,4.3,78.569764,5138777242,0,0,0
2,138.906250,34.647917,138.909375,34.650000,4.3,77.166274,5138777243,0,0,0
2,138.909375,34.647917,138.912500,34.650000,4.3,85.937722,5138777244,0,0,0
2,138.912500,34.641667,138.915625,34.643750,4.3,80.552986,5138777311,0,0,0
2,138.915625,34.641667,138.918750,34.643750,4.3,89.324434,5138777312,0,0,0
2,138.912500,34.643750,138.915625,34.645833,4.3,88.744701,5138777313,0,0,0
2,138.915625,34.643750,138.918750,34.645833,4.3,79.149497,5138777314,0,0,0
2,138.912500,34.645833,138.915625,34.647917,4.3,87.341212,5138777331,0,0,0
2,138.915625,34.645833,138.918750,34.647917,4.3,77.746008,5138777332,0,0,0
2,138.912500,34.647917,138.915625,34.650000,4.3,76.342519,5138777333,0,0,0
2,138.915625,34.647917,138.918750,34.650000,4.3,85.113967,5138777334,0,0,0
2,138.875000,34.650000,138.878125,34.652083,4.3,88.653013,5138778011,0,0,0
2,138.878125,34.650000,138.881250,34.652083,4.3,79.057809,5138778012,0,0,0
2,138.875000,34.652083,138.878125,34.654167,4.3,85.602012,5138778013,0,0,0
2,138.878125,34.652083,138.881250,34.654167,4.3,76.006808,5138778014,0,0,0
2,138.884375,34.650000,138.887500,34.652083,4.3,78.234053,5138778022,0,0,0
2,138.875000,34.654167,138.878125,34.656250,4.3,80.079743,5138778031,0,0,0
2,138.878125,34.654167,138.881250,34.656250,4.3,88.851191,5138778032,0,0,0
2,138.875000,34.656250,138.878125,34.658333,4.3,74.557474,5138778033,0,0,0
2,138.878125,34.656250,138.881250,34.658333,4.3,83.328923,5138778034,0,0,0
2,138.881250,34.654167,138.884375,34.656250,4.3,79.255987,5138778041,0,0,0
2,138.881250,34.656250,138.884375,34.658333,4.3,73.733719,5138778043,0,0,0
2,138.884375,34.656250,138.887500,34.658333,4.3,82.505167,5138778044,0,0,0
2,138.887500,34.650000,138.890625,34.652083,4.3,87.005501,5138778111,0,0,0
2,138.890625,34.650000,138.893750,34.652083,4.3,77.410297,5138778112,0,0,0
2,138.887500,34.652083,138.890625,34.654167,4.3,83.9545,5138778113,0,0,0
2,138.890625,34.652083,138.893750,34.654167,4.3,74.359296,5138778114,0,0,0
2,138.893750,34.650000,138.896875,34.652083,4.3,86.181745,5138778121,0,0,0
2,138.896875,34.650000,138.900000,34.652083,4.3,76.586541,5138778122,0,0,0
2,138.893750,34.652083,138.896875,34.654167,4.3,83.130744,5138778123,0,0,0
2,138.896875,34.652083,138.900000,34.654167,4.3,73.53554,5138778124,0,0,0
2,138.890625,34.654167,138.893750,34.656250,4.3,87.203679,5138778132,0,0,0
2,138.890625,34.656250,138.893750,34.658333,4.3,81.681411,5138778134,0,0,0
2,138.893750,34.654167,138.896875,34.656250,4.3,77.608475,5138778141,0,0,0
2,138.896875,34.654167,138.900000,34.656250,4.3,86.379923,5138778142,0,0,0
2,138.893750,34.656250,138.896875,34.658333,4.3,90.452859,5138778143,0,0,0
2,138.896875,34.656250,138.900000,34.658333,4.3,80.857655,5138778144,0,0,0
2,138.900000,34.650000,138.903125,34.652083,4.3,85.357989,5138778211,0,0,0
2,138.903125,34.650000,138.906250,34.652083,4.3,75.762785,5138778212,0,0,0
2,138.900000,34.652083,138.903125,34.654167,4.3,82.306988,5138778213,0,0,0
2,138.903125,34.652083,138.906250,34.654167,4.3,91.078436,5138778214,0,0,0
2,138.906250,34.650000,138.909375,34.652083,4.3,84.534233,5138778221,0,0,0
2,138.909375,34.650000,138.912500,34.652083,4.3,74.939029,5138778222,0,0,0
2,138.906250,34.652083,138.909375,34.654167,4.3,81.483232,5138778223,0,0,0
2,138.909375,34.652083,138.912500,34.654167,4.3,90.25468,5138778224,0,0,0
2,138.900000,34.654167,138.903125,34.656250,4.3,76.78472,5138778231,0,0,0
2,138.903125,34.654167,138.906250,34.656250,4.3,85.556168,5138778232,0,0,0
2,138.900000,34.656250,138.903125,34.658333,4.3,89.629103,5138778233,0,0,0
2,138.903125,34.656250,138.906250,34.658333,4.3,80.033899,5138778234,0,0,0
2,138.906250,34.654167,138.909375,34.656250,4.3,75.960964,5138778241,0,0,0
2,138.909375,34.654167,138.912500,34.656250,4.3,84.732412,5138778242,0,0,0
2,138.906250,34.656250,138.909375,34.658333,4.3,88.805347,5138778243,0,0,0
2,138.909375,34.656250,138.912500,34.658333,4.3,79.210143,5138778244,0,0,0
2,138.912500,34.650000,138.915625,34.652083,4.3,83.710477,5138778311,0,0,0
2,138.915625,34.650000,138.918750,34.652083,4.3,74.115273,5138778312,0,0,0
2,138.912500,34.652083,138.915625,34.654167,4.3,80.659476,5138778313,0,0,0
2,138.912500,34.654167,138.915625,34.656250,4.3,75.137208,5138778331,0,0,0
2,138.915625,34.654167,138.918750,34.656250,4.3,83.908656,5138778332,0,0,0
2,138.912500,34.656250,138.915625,34.658333,4.3,87.981591,5138778333,0,0,0
2,138.921875,34.654167,138.925000,34.656250,4.3,83.0849,5138778342,0,0,0
2,138.918750,34.656250,138.921875,34.658333,4.3,87.157835,5138778343,0,0,0
2,138.921875,34.656250,138.925000,34.658333,4.3,77.562631,5138778344,0,0,0
2,138.925000,34.654167,138.928125,34.656250,4.3,73.489696,5138778431,0,0,0
2,138.962500,34.650000,138.965625,34.652083,4.3,91.658169,5138778711,0,0,0
2,138.965625,34.650000,138.968750,34.652083,4.3,82.062966,5138778712,0,0,0
2,138.981250,34.656250,138.984375,34.658333,4.3,90.986748,5138778843,0,0,0
2,138.875000,34.658333,138.878125,34.660417,4.3,76.982898,5138779011,0,0,0
2,138.878125,34.658333,138.881250,34.660417,4.3,85.754346,5138779012,0,0,0
2,138.875000,34.660417,138.878125,34.662500,4.3,87.356014,5138779013,0,0,0
2,138.878125,34.660417,138.881250,34.662500,4.3,77.76081,5138779014,0,0,0
2,138.881250,34.658333,138.884375,34.660417,4.3,76.159142,5138779021,0,0,0
2,138.884375,34.658333,138.887500,34.660417,4.3,84.93059,5138779022,0,0,0
2,138.881250,34.660417,138.884375,34.662500,4.3,86.532258,5138779023,0,0,0
2,138.884375,34.660417,138.887500,34.662500,4.3,76.937054,5138779024,0,0,0
2,138.875000,34.662500,138.878125,34.664583,4.3,78.538722,5138779031,0,0,0
2,138.878125,34.662500,138.881250,34.664583,4.3,87.31017,5138779032,0,0,0
2,138.875000,34.664583,138.878125,34.666667,4.3,79.316633,5138779033,0,0,0
2,138.878125,34.664583,138.881250,34.666667,4.3,88.088081,5138779034,0,0,0
2,138.881250,34.662500,138.884375,34.664583,4.3,77.714966,5138779041,0,0,0
2,138.884375,34.662500,138.887500,34.664583,4.3,86.486414,5138779042,0,0,0
2,138.881250,34.664583,138.884375,34.666667,4.3,78.492878,5138779043,0,0,0
2,138.884375,34.664583,138.887500,34.666667,4.3,87.264326,5138779044,0,0,0
2,138.887500,34.658333,138.890625,34.660417,4.3,75.335386,5138779111,0,0,0
2,138.890625,34.658333,138.893750,34.660417,4.3,84.106834,5138779112,0,0,0
2,138.887500,34.660417,138.890625,34.662500,4.3,85.708502,5138779113,0,0,0
2,138.890625,34.660417,138.893750,34.662500,4.3,76.113298,5138779114,0,0,0
2,138.893750,34.658333,138.896875,34.660417,4.3,74.51163,5138779121,0,0,0
2,138.896875,34.658333,138.900000,34.660417,4.3,83.283078,5138779122,0,0,0
2,138.893750,34.660417,138.896875,34.662500,4.3,84.884746,5138779123,0,0,0
2,138.896875,34.660417,138.900000,34.662500,4.3,75.289542,5138779124,0,0,0
2,138.887500,34.662500,138.890625,34.664583,4.3,76.89121,5138779131,0,0,0
2,138.890625,34.662500,138.893750,34.664583,4.3,85.662658,5138779132,0,0,0
2,138.887500,34.664583,138.890625,34.666667,4.3,77.669122,5138779133,0,0,0
2,138.890625,34.664583,138.893750,34.666667,4.3,86.44057,5138779134,0,0,0
2,138.893750,34.662500,138.896875,34.664583,4.3,76.067454,5138779141,0,0,0
2,138.896875,34.662500,138.900000,34.664583,4.3,84.838902,5138779142,0,0,0
2,138.893750,34.664583,138.896875,34.666667,4.3,76.845366,5138779143,0,0,0
2,138.896875,34.664583,138.900000,34.666667,4.3,85.616814,5138779144,0,0,0
2,138.900000,34.658333,138.903125,34.660417,4.3,73.687875,5138779211,0,0,0
2,138.903125,34.658333,138.906250,34.660417,4.3,82.459323,5138779212,0,0,0
2,138.900000,34.660417,138.903125,34.662500,4.3,84.06099,5138779213,0,0,0
2,138.903125,34.660417,138.906250,34.662500,4.3,74.465786,5138779214,0,0,0
2,138.906250,34.658333,138.909375,34.660417,4.3,91.230771,5138779221,0,0,0
2,138.909375,34.658333,138.912500,34.660417,4.3,81.635567,5138779222,0,0,0
2,138.906250,34.660417,138.909375,34.662500,4.3,83.237234,5138779223,0,0,0
2,138.909375,34.660417,138.912500,34.662500,4.3,73.64203,5138779224,0,0,0
2,138.900000,34.662500,138.903125,34.664583,4.3,75.243698,5138779231,0,0,0
2,138.903125,34.662500,138.906250,34.664583,4.3,84.015146,5138779232,0,0,0
2,138.900000,34.664583,138.903125,34.666667,4.3,76.02161,5138779233,0,0,0
2,138.903125,34.664583,138.906250,34.666667,4.3,84.793058,5138779234,0,0,0
2,138.906250,34.662500,138.909375,34.664583,4.3,74.419942,5138779241,0,0,0
2,138.909375,34.662500,138.912500,34.664583,4.3,83.19139,5138779242,0,0,0
2,138.906250,34.664583,138.909375,34.666667,4.3,75.197854,5138779243,0,0,0
2,138.909375,34.664583,138.912500,34.666667,4.3,83.969302,5138779244,0,0,0
2,138.912500,34.658333,138.915625,34.660417,4.3,90.407015,5138779311,0,0,0
2,138.912500,34.660417,138.915625,34.662500,4.3,82.413478,5138779313,0,0,0
2,138.918750,34.658333,138.921875,34.660417,4.3,89.583259,5138779321,0,0,0
2,138.921875,34.658333,138.925000,34.660417,4.3,79.988055,5138779322,0,0,0
2,138.921875,34.660417,138.925000,34.662500,4.3,90.361171,5138779324,0,0,0
2,138.912500,34.662500,138.915625,34.664583,4.3,73.596186,5138779331,0,0,0
2,138.915625,34.664583,138.918750,34.666667,4.3,83.145546,5138779334,0,0,0
2,138.918750,34.662500,138.921875,34.664583,4.3,91.139082,5138779341,0,0,0
2,138.921875,34.662500,138.925000,34.664583,4.3,81.543878,5138779342,0,0,0
2,138.918750,34.664583,138.921875,34.666667,4.3,73.550342,5138779343,0,0,0
2,138.921875,34.664583,138.925000,34.666667,4.3,82.32179,5138779344,0,0,0
2,138.928125,34.658333,138.931250,34.660417,4.3,79.164299,5138779412,0,0,0
2,138.925000,34.660417,138.928125,34.662500,4.3,80.765967,5138779413,0,0,0
2,138.928125,34.660417,138.931250,34.662500,4.3,89.537415,5138779414,0,0,0
2,138.934375,34.658333,138.937500,34.660417,4.3,78.340543,5138779422,0,0,0
2,138.931250,34.660417,138.934375,34.662500,4.3,79.942211,5138779423,0,0,0
2,138.934375,34.660417,138.937500,34.662500,4.3,88.713659,5138779424,0,0,0
2,138.925000,34.662500,138.928125,34.664583,4.3,90.315326,5138779431,0,0,0
2,138.928125,34.662500,138.931250,34.664583,4.3,80.720123,5138779432,0,0,0
2,138.925000,34.664583,138.928125,34.666667,4.3,91.093238,5138779433,0,0,0
2,138.928125,34.664583,138.931250,34.666667,4.3,81.498034,5138779434,0,0,0
2,138.931250,34.662500,138.934375,34.664583,4.3,89.491571,5138779441,0,0,0
2,138.934375,34.662500,138.937500,34.664583,4.3,79.896367,5138779442,0,0,0
2,138.931250,34.664583,138.934375,34.666667,4.3,90.269482,5138779443,0,0,0
2,138.934375,34.664583,138.937500,34.666667,4.3,80.674278,5138779444,0,0,0
2,138.937500,34.660417,138.940625,34.662500,4.3,79.118455,5138779513,0,0,0
2,138.940625,34.660417,138.943750,34.662500,4.3,87.889903,5138779514,0,0,0
2,138.937500,34.662500,138.940625,34.664583,4.3,88.667815,5138779531,0,0,0
2,138.940625,34.662500,138.943750,34.664583,4.3,79.072611,5138779532,0,0,0
2,138.943750,34.662500,138.946875,34.664583,4.3,87.844059,5138779541,0,0,0
2,138.946875,34.662500,138.950000,34.664583,4.3,78.248855,5138779542,0,0,0
2,138.943750,34.664583,138.946875,34.666667,4.3,88.621971,5138779543,0,0,0
2,138.946875,34.664583,138.950000,34.666667,4.3,79.026767,5138779544,0,0,0
2,138.940625,34.572917,138.943750,34.575000,4.2,74.666876,5138678534,0,0,0
2,138.937500,34.575000,138.940625,34.577083,4.2,73.934391,5138679511,0,0,0
2,138.940625,34.575000,138.943750,34.577083,4.2,65.402325,5138679512,0,0,0
2,138.821875,34.602083,138.825000,34.604167,4.2,79.536519,5138762524,0,0,0
2,138.821875,34.604167,138.825000,34.606250,4.2,68.074514,5138762542,0,0,0
2,138.821875,34.606250,138.825000,34.608333,4.2,80.011253,5138762544,0,0,0
2,138.825000,34.602083,138.828125,34.604167,4.2,71.004452,5138762613,0,0,0
2,138.825000,34.604167,138.828125,34.606250,4.2,75.874095,5138762631,0,0,0
2,138.828125,34.604167,138.831250,34.606250,4.2,67.342029,5138762632,0,0,0
2,138.834375,34.604167,138.837500,34.606250,4.2,66.609545,5138762642,0,0,0
2,138.834375,34.606250,138.837500,34.608333,4.2,78.546284,5138762644,0,0,0
2,138.840625,34.600000,138.843750,34.602083,4.2,80.269003,5138762712,0,0,0
2,138.837500,34.602083,138.840625,34.604167,4.2,69.539483,5138762713,0,0,0
2,138.840625,34.602083,138.843750,34.604167,4.2,77.339065,5138762714,0,0,0
2,138.843750,34.600000,138.846875,34.602083,4.2,71.736937,5138762721,0,0,0
2,138.843750,34.602083,138.846875,34.604167,4.2,68.806999,5138762723,0,0,0
2,138.837500,34.604167,138.840625,34.606250,4.2,74.409126,5138762731,0,0,0
2,138.840625,34.604167,138.843750,34.606250,4.2,65.87706,5138762732,0,0,0
2,138.837500,34.606250,138.840625,34.608333,4.2,70.014218,5138762733,0,0,0
2,138.840625,34.606250,138.843750,34.608333,4.2,77.813799,5138762734,0,0,0
2,138.843750,34.604167,138.846875,34.606250,4.2,73.676641,5138762741,0,0,0
2,138.846875,34.604167,138.850000,34.606250,4.2,81.476223,5138762742,0,0,0
2,138.843750,34.606250,138.846875,34.608333,4.2,69.281733,5138762743,0,0,0
2,138.846875,34.606250,138.850000,34.608333,4.2,77.081315,5138762744,0,0,0
2,138.809375,34.612500,138.812500,34.614583,4.2,78.030785,5138763442,0,0,0
2,138.809375,34.614583,138.812500,34.616667,4.2,79.238004,5138763444,0,0,0
2,138.821875,34.610417,138.825000,34.612500,4.2,67.559014,5138763524,0,0,0
2,138.812500,34.612500,138.815625,34.614583,4.2,69.498719,5138763531,0,0,0
2,138.815625,34.612500,138.818750,34.614583,4.2,77.2983,5138763532,0,0,0
2,138.812500,34.614583,138.815625,34.616667,4.2,70.705938,5138763533,0,0,0
2,138.815625,34.614583,138.818750,34.616667,4.2,78.505519,5138763534,0,0,0
2,138.818750,34.612500,138.821875,34.614583,4.2,68.766234,5138763541,0,0,0
2,138.818750,34.614583,138.821875,34.616667,4.2,69.973453,5138763543,0,0,0
2,138.821875,34.614583,138.825000,34.616667,4.2,77.773035,5138763544,0,0,0
2,138.825000,34.610417,138.828125,34.612500,4.2,75.358596,5138763613,0,0,0
2,138.828125,34.610417,138.831250,34.612500,4.2,66.82653,5138763614,0,0,0
2,138.834375,34.608333,138.837500,34.610417,4.2,80.485988,5138763622,0,0,0
2,138.831250,34.610417,138.834375,34.612500,4.2,74.626111,5138763623,0,0,0
2,138.834375,34.610417,138.837500,34.612500,4.2,66.094045,5138763624,0,0,0
2,138.825000,34.612500,138.828125,34.614583,4.2,68.033749,5138763631,0,0,0
2,138.828125,34.612500,138.831250,34.614583,4.2,75.833331,5138763632,0,0,0
2,138.825000,34.614583,138.828125,34.616667,4.2,69.240969,5138763633,0,0,0
2,138.828125,34.614583,138.831250,34.616667,4.2,77.04055,5138763634,0,0,0
2,138.831250,34.612500,138.834375,34.614583,4.2,67.301265,5138763641,0,0,0
2,138.834375,34.612500,138.837500,34.614583,4.2,75.100846,5138763642,0,0,0
2,138.831250,34.614583,138.834375,34.616667,4.2,68.508484,5138763643,0,0,0
2,138.834375,34.614583,138.837500,34.616667,4.2,76.308066,5138763644,0,0,0
2,138.837500,34.608333,138.840625,34.610417,4.2,71.953922,5138763711,0,0,0
2,138.840625,34.608333,138.843750,34.610417,4.2,79.753504,5138763712,0,0,0
2,138.837500,34.610417,138.840625,34.612500,4.2,73.893626,5138763713,0,0,0
2,138.840625,34.610417,138.843750,34.612500,4.2,65.36156,5138763714,0,0,0
2,138.843750,34.608333,138.846875,34.610417,4.2,71.221438,5138763721,0,0,0
2,138.846875,34.608333,138.850000,34.610417,4.2,79.021019,5138763722,0,0,0
2,138.843750,34.610417,138.846875,34.612500,4.2,73.161142,5138763723,0,0,0
2,138.846875,34.610417,138.850000,34.612500,4.2,80.960723,5138763724,0,0,0
2,138.837500,34.612500,138.840625,34.614583,4.2,66.56878,5138763731,0,0,0
2,138.840625,34.612500,138.843750,34.614583,4.2,74.368361,5138763732,0,0,0
2,138.837500,34.614583,138.840625,34.616667,4.2,67.775999,5138763733,0,0,0
2,138.840625,34.614583,138.843750,34.616667,4.2,75.575581,5138763734,0,0,0
2,138.843750,34.612500,138.846875,34.614583,4.2,65.836295,5138763741,0,0,0
2,138.846875,34.612500,138.850000,34.614583,4.2,73.635877,5138763742,0,0,0
2,138.843750,34.614583,138.846875,34.616667,4.2,67.043515,5138763743,0,0,0
2,138.846875,34.614583,138.850000,34.616667,4.2,74.843096,5138763744,0,0,0
2,138.850000,34.610417,138.853125,34.612500,4.2,72.428657,5138763813,0,0,0
2,138.853125,34.610417,138.856250,34.612500,4.2,80.228239,5138763814,0,0,0
2,138.856250,34.610417,138.859375,34.612500,4.2,71.696172,5138763823,0,0,0
2,138.850000,34.612500,138.853125,34.614583,4.2,81.435458,5138763831,0,0,0
2,138.853125,34.612500,138.856250,34.614583,4.2,72.903392,5138763832,0,0,0
2,138.850000,34.614583,138.853125,34.616667,4.2,66.31103,5138763833,0,0,0
2,138.853125,34.614583,138.856250,34.616667,4.2,74.110612,5138763834,0,0,0
2,138.856250,34.612500,138.859375,34.614583,4.2,80.702973,5138763841,0,0,0
2,138.856250,34.614583,138.859375,34.616667,4.2,65.578546,5138763843,0,0,0
2,138.859375,34.614583,138.862500,34.616667,4.2,73.378127,5138763844,0,0,0
2,138.790625,34.620833,138.793750,34.622917,4.2,79.19724,5138764332,0,0,0
2,138.790625,34.622917,138.793750,34.625000,4.2,69.674939,5138764334,0,0,0
2,138.793750,34.620833,138.796875,34.622917,4.2,70.665173,5138764341,0,0,0
2,138.796875,34.620833,138.800000,34.622917,4.2,78.464755,5138764342,0,0,0
2,138.793750,34.622917,138.796875,34.625000,4.2,77.47452,5138764343,0,0,0
2,138.796875,34.622917,138.800000,34.625000,4.2,68.942454,5138764344,0,0,0
2,138.800000,34.622917,138.803125,34.625000,4.2,76.742036,5138764433,0,0,0
2,138.809375,34.622917,138.812500,34.625000,4.2,76.009551,5138764444,0,0,0
2,138.812500,34.616667,138.815625,34.618750,4.2,70.448188,5138764511,0,0,0
2,138.815625,34.616667,138.818750,34.618750,4.2,78.24777,5138764512,0,0,0
2,138.812500,34.618750,138.815625,34.620833,4.2,78.722505,5138764513,0,0,0
2,138.815625,34.618750,138.818750,34.620833,4.2,70.190439,5138764514,0,0,0
2,138.818750,34.616667,138.821875,34.618750,4.2,69.715704,5138764521,0,0,0
2,138.821875,34.616667,138.825000,34.618750,4.2,77.515285,5138764522,0,0,0
2,138.818750,34.618750,138.821875,34.620833,4.2,77.99002,5138764523,0,0,0
2,138.821875,34.618750,138.825000,34.620833,4.2,69.457954,5138764524,0,0,0
2,138.812500,34.620833,138.815625,34.622917,4.2,69.932689,5138764531,0,0,0
2,138.815625,34.620833,138.818750,34.622917,4.2,77.73227,5138764532,0,0,0
2,138.812500,34.622917,138.815625,34.625000,4.2,67.477485,5138764533,0,0,0
2,138.815625,34.622917,138.818750,34.625000,4.2,75.277067,5138764534,0,0,0
2,138.818750,34.620833,138.821875,34.622917,4.2,69.200204,5138764541,0,0,0
2,138.821875,34.620833,138.825000,34.622917,4.2,76.999786,5138764542,0,0,0
2,138.818750,34.622917,138.821875,34.625000,4.2,66.745,5138764543,0,0,0
2,138.821875,34.622917,138.825000,34.625000,4.2,74.544582,5138764544,0,0,0
2,138.825000,34.616667,138.828125,34.618750,4.2,68.983219,5138764611,0,0,0
2,138.828125,34.616667,138.831250,34.618750,4.2,76.7828,5138764612,0,0,0
2,138.825000,34.618750,138.828125,34.620833,4.2,77.257535,5138764613,0,0,0
2,138.828125,34.618750,138.831250,34.620833,4.2,68.725469,5138764614,0,0,0
2,138.831250,34.616667,138.834375,34.618750,4.2,68.250734,5138764621,0,0,0
2,138.834375,34.616667,138.837500,34.618750,4.2,76.050316,5138764622,0,0,0
2,138.831250,34.618750,138.834375,34.620833,4.2,76.525051,5138764623,0,0,0
2,138.834375,34.618750,138.837500,34.620833,4.2,67.992985,5138764624,0,0,0
2,138.825000,34.620833,138.828125,34.622917,4.2,68.46772,5138764631,0,0,0
2,138.828125,34.620833,138.831250,34.622917,4.2,76.267301,5138764632,0,0,0
2,138.825000,34.622917,138.828125,34.625000,4.2,66.012516,5138764633,0,0,0
2,138.828125,34.622917,138.831250,34.625000,4.2,73.812097,5138764634,0,0,0
2,138.831250,34.620833,138.834375,34.622917,4.2,67.735235,5138764641,0,0,0
2,138.834375,34.620833,138.837500,34.622917,4.2,75.534816,5138764642,0,0,0
2,138.831250,34.622917,138.834375,34.625000,4.2,81.611679,5138764643,0,0,0
2,138.834375,34.622917,138.837500,34.625000,4.2,73.079613,5138764644,0,0,0
2,138.837500,34.616667,138.840625,34.618750,4.2,67.51825,5138764711,0,0,0
2,138.840625,34.616667,138.843750,34.618750,4.2,75.317831,5138764712,0,0,0
2,138.837500,34.618750,138.840625,34.620833,4.2,75.792566,5138764713,0,0,0
2,138.840625,34.618750,138.843750,34.620833,4.2,67.2605,5138764714,0,0,0
2,138.843750,34.616667,138.846875,34.618750,4.2,66.785765,5138764721,0,0,0
2,138.846875,34.616667,138.850000,34.618750,4.2,74.585346,5138764722,0,0,0
2,138.843750,34.618750,138.846875,34.620833,4.2,75.060081,5138764723,0,0,0
2,138.846875,34.618750,138.850000,34.620833,4.2,66.528015,5138764724,0,0,0
2,138.837500,34.620833,138.840625,34.622917,4.2,67.00275,5138764731,0,0,0
2,138.840625,34.620833,138.843750,34.622917,4.2,74.802332,5138764732,0,0,0
2,138.837500,34.622917,138.840625,34.625000,4.2,80.879194,5138764733,0,0,0
2,138.840625,34.622917,138.843750,34.625000,4.2,72.347128,5138764734,0,0,0
2,138.843750,34.620833,138.846875,34.622917,4.2,66.270266,5138764741,0,0,0
2,138.846875,34.620833,138.850000,34.622917,4.2,74.069847,5138764742,0,0,0
2,138.843750,34.622917,138.846875,34.625000,4.2,80.146709,5138764743,0,0,0
2,138.846875,34.622917,138.850000,34.625000,4.2,71.614643,5138764744,0,0,0
2,138.850000,34.616667,138.853125,34.618750,4.2,66.05328,5138764811,0,0,0
2,138.853125,34.616667,138.856250,34.618750,4.2,73.852862,5138764812,0,0,0
2,138.850000,34.618750,138.853125,34.620833,4.2,74.327597,5138764813,0,0,0
2,138.853125,34.618750,138.856250,34.620833,4.2,65.795531,5138764814,0,0,0
2,138.856250,34.616667,138.859375,34.618750,4.2,81.652443,5138764821,0,0,0
2,138.859375,34.616667,138.862500,34.618750,4.2,73.120377,5138764822,0,0,0
2,138.856250,34.618750,138.859375,34.620833,4.2,73.595112,5138764823,0,0,0
2,138.859375,34.618750,138.862500,34.620833,4.2,81.394693,5138764824,0,0,0
2,138.850000,34.620833,138.853125,34.622917,4.2,65.537781,5138764831,0,0,0
2,138.853125,34.620833,138.856250,34.622917,4.2,73.337362,5138764832,0,0,0
2,138.850000,34.622917,138.853125,34.625000,4.2,79.414225,5138764833,0,0,0
2,138.853125,34.622917,138.856250,34.625000,4.2,70.882159,5138764834,0,0,0
2,138.856250,34.620833,138.859375,34.622917,4.2,81.136944,5138764841,0,0,0
2,138.859375,34.620833,138.862500,34.622917,4.2,72.604878,5138764842,0,0,0
2,138.862500,34.616667,138.865625,34.618750,4.2,80.919959,5138764911,0,0,0
2,138.862500,34.618750,138.865625,34.620833,4.2,72.862627,5138764913,0,0,0
2,138.865625,34.618750,138.868750,34.620833,4.2,80.662209,5138764914,0,0,0
2,138.868750,34.616667,138.871875,34.618750,4.2,80.187474,5138764921,0,0,0
2,138.871875,34.616667,138.875000,34.618750,4.2,71.655408,5138764922,0,0,0
2,138.790625,34.625000,138.793750,34.627083,4.2,74.286832,5138765312,0,0,0
2,138.793750,34.625000,138.796875,34.627083,4.2,65.754766,5138765321,0,0,0
2,138.796875,34.625000,138.800000,34.627083,4.2,73.554347,5138765322,0,0,0
2,138.793750,34.627083,138.796875,34.629167,4.2,78.16624,5138765323,0,0,0
2,138.796875,34.627083,138.800000,34.629167,4.2,69.634174,5138765324,0,0,0
2,138.790625,34.631250,138.793750,34.633333,4.2,76.660507,5138765334,0,0,0
2,138.793750,34.629167,138.796875,34.631250,4.2,73.513583,5138765341,0,0,0
2,138.796875,34.629167,138.800000,34.631250,4.2,81.313164,5138765342,0,0,0
2,138.793750,34.631250,138.796875,34.633333,4.2,68.128441,5138765343,0,0,0
2,138.796875,34.631250,138.800000,34.633333,4.2,75.928022,5138765344,0,0,0
2,138.800000,34.625000,138.803125,34.627083,4.2,81.353929,5138765411,0,0,0
2,138.803125,34.625000,138.806250,34.627083,4.2,72.821863,5138765412,0,0,0
2,138.800000,34.627083,138.803125,34.629167,4.2,77.433756,5138765413,0,0,0
2,138.803125,34.627083,138.806250,34.629167,4.2,68.90169,5138765414,0,0,0
2,138.809375,34.625000,138.812500,34.627083,4.2,72.089378,5138765422,0,0,0
2,138.806250,34.627083,138.809375,34.629167,4.2,76.701271,5138765423,0,0,0
2,138.800000,34.629167,138.803125,34.631250,4.2,72.781098,5138765431,0,0,0
2,138.803125,34.629167,138.806250,34.631250,4.2,80.58068,5138765432,0,0,0
2,138.800000,34.631250,138.803125,34.633333,4.2,67.395956,5138765433,0,0,0
2,138.803125,34.631250,138.806250,34.633333,4.2,75.195537,5138765434,0,0,0
2,138.806250,34.629167,138.809375,34.631250,4.2,72.048614,5138765441,0,0,0
2,138.806250,34.631250,138.809375,34.633333,4.2,66.663471,5138765443,0,0,0
2,138.809375,34.631250,138.812500,34.633333,4.2,74.463053,5138765444,0,0,0
2,138.812500,34.625000,138.815625,34.627083,4.2,79.88896,5138765511,0,0,0
2,138.815625,34.625000,138.818750,34.627083,4.2,71.356894,5138765512,0,0,0
2,138.812500,34.627083,138.815625,34.629167,4.2,75.968787,5138765513,0,0,0
2,138.815625,34.627083,138.818750,34.629167,4.2,67.43672,5138765514,0,0,0
2,138.818750,34.625000,138.821875,34.627083,4.2,79.156475,5138765521,0,0,0
2,138.821875,34.625000,138.825000,34.627083,4.2,70.624409,5138765522,0,0,0
2,138.818750,34.627083,138.821875,34.629167,4.2,75.236302,5138765523,0,0,0
2,138.821875,34.627083,138.825000,34.629167,4.2,66.704236,5138765524,0,0,0
2,138.812500,34.629167,138.815625,34.631250,4.2,71.316129,5138765531,0,0,0
2,138.815625,34.629167,138.818750,34.631250,4.2,79.11571,5138765532,0,0,0
2,138.812500,34.631250,138.815625,34.633333,4.2,65.930987,5138765533,0,0,0
2,138.815625,34.631250,138.818750,34.633333,4.2,73.730568,5138765534,0,0,0
2,138.818750,34.629167,138.821875,34.631250,4.2,70.583644,5138765541,0,0,0
2,138.821875,34.629167,138.825000,34.631250,4.2,78.383226,5138765542,0,0,0
2,138.818750,34.631250,138.821875,34.633333,4.2,81.530149,5138765543,0,0,0
2,138.821875,34.631250,138.825000,34.633333,4.2,72.998083,5138765544,0,0,0
2,138.825000,34.625000,138.828125,34.627083,4.2,78.42399,5138765611,0,0,0
2,138.828125,34.625000,138.831250,34.627083,4.2,69.891924,5138765612,0,0,0
2,138.825000,34.627083,138.828125,34.629167,4.2,74.503817,5138765613,0,0,0
2,138.828125,34.627083,138.831250,34.629167,4.2,65.971751,5138765614,0,0,0
2,138.831250,34.625000,138.834375,34.627083,4.2,77.691506,5138765621,0,0,0
2,138.834375,34.625000,138.837500,34.627083,4.2,69.15944,5138765622,0,0,0
2,138.831250,34.627083,138.834375,34.629167,4.2,73.771333,5138765623,0,0,0
2,138.834375,34.627083,138.837500,34.629167,4.2,81.570914,5138765624,0,0,0
2,138.825000,34.629167,138.828125,34.631250,4.2,69.85116,5138765631,0,0,0
2,138.828125,34.629167,138.831250,34.631250,4.2,77.650741,5138765632,0,0,0
2,138.825000,34.631250,138.828125,34.633333,4.2,80.797665,5138765633,0,0,0
2,138.828125,34.631250,138.831250,34.633333,4.2,72.265599,5138765634,0,0,0
2,138.831250,34.629167,138.834375,34.631250,4.2,69.118675,5138765641,0,0,0
2,138.834375,34.629167,138.837500,34.631250,4.2,76.918256,5138765642,0,0,0
2,138.831250,34.631250,138.834375,34.633333,4.2,80.06518,5138765643,0,0,0
2,138.834375,34.631250,138.837500,34.633333,4.2,71.533114,5138765644,0,0,0
2,138.837500,34.625000,138.840625,34.627083,4.2,76.959021,5138765711,0,0,0
2,138.840625,34.625000,138.843750,34.627083,4.2,68.426955,5138765712,0,0,0
2,138.837500,34.627083,138.840625,34.629167,4.2,73.038848,5138765713,0,0,0
2,138.840625,34.627083,138.843750,34.629167,4.2,80.838429,5138765714,0,0,0
2,138.843750,34.625000,138.846875,34.627083,4.2,76.226536,5138765721,0,0,0
2,138.846875,34.625000,138.850000,34.627083,4.2,67.69447,5138765722,0,0,0
2,138.843750,34.627083,138.846875,34.629167,4.2,72.306363,5138765723,0,0,0
2,138.837500,34.629167,138.840625,34.631250,4.2,68.38619,5138765731,0,0,0
2,138.840625,34.629167,138.843750,34.631250,4.2,76.185772,5138765732,0,0,0
2,138.850000,34.625000,138.853125,34.627083,4.2,75.494052,5138765811,0,0,0
2,138.778125,34.637500,138.781250,34.639583,4.2,80.241401,5138766232,0,0,0
2,138.775000,34.639583,138.778125,34.641667,4.2,80.458386,5138766233,0,0,0
2,138.778125,34.639583,138.781250,34.641667,4.2,71.92632,5138766234,0,0,0
2,138.781250,34.637500,138.784375,34.639583,4.2,71.709335,5138766241,0,0,0
2,138.784375,34.637500,138.787500,34.639583,4.2,79.508916,5138766242,0,0,0
2,138.781250,34.639583,138.784375,34.641667,4.2,79.725901,5138766243,0,0,0
2,138.790625,34.633333,138.793750,34.635417,4.2,78.342461,5138766312,0,0,0
2,138.787500,34.635417,138.790625,34.637500,4.2,79.291931,5138766313,0,0,0
2,138.790625,34.635417,138.793750,34.637500,4.2,70.759865,5138766314,0,0,0
2,138.793750,34.633333,138.796875,34.635417,4.2,69.810395,5138766321,0,0,0
2,138.796875,34.633333,138.800000,34.635417,4.2,77.609976,5138766322,0,0,0
2,138.793750,34.635417,138.796875,34.637500,4.2,78.559446,5138766323,0,0,0
2,138.796875,34.635417,138.800000,34.637500,4.2,70.02738,5138766324,0,0,0
2,138.787500,34.637500,138.790625,34.639583,4.2,70.97685,5138766331,0,0,0
2,138.790625,34.637500,138.793750,34.639583,4.2,78.776431,5138766332,0,0,0
2,138.787500,34.639583,138.790625,34.641667,4.2,78.993416,5138766333,0,0,0
2,138.790625,34.639583,138.793750,34.641667,4.2,70.46135,5138766334,0,0,0
2,138.793750,34.637500,138.796875,34.639583,4.2,70.244365,5138766341,0,0,0
2,138.796875,34.637500,138.800000,34.639583,4.2,78.043947,5138766342,0,0,0
2,138.793750,34.639583,138.796875,34.641667,4.2,78.260932,5138766343,0,0,0
2,138.796875,34.639583,138.800000,34.641667,4.2,69.728866,5138766344,0,0,0
2,138.800000,34.633333,138.803125,34.635417,4.2,69.07791,5138766411,0,0,0
2,138.803125,34.633333,138.806250,34.635417,4.2,76.877492,5138766412,0,0,0
2,138.800000,34.635417,138.803125,34.637500,4.2,77.826961,5138766413,0,0,0
2,138.803125,34.635417,138.806250,34.637500,4.2,69.294895,5138766414,0,0,0
2,138.806250,34.633333,138.809375,34.635417,4.2,68.345426,5138766421,0,0,0
2,138.809375,34.633333,138.812500,34.635417,4.2,76.145007,5138766422,0,0,0
2,138.806250,34.635417,138.809375,34.637500,4.2,77.094477,5138766423,0,0,0
2,138.809375,34.635417,138.812500,34.637500,4.2,68.562411,5138766424,0,0,0
2,138.800000,34.637500,138.803125,34.639583,4.2,69.511881,5138766431,0,0,0
2,138.803125,34.637500,138.806250,34.639583,4.2,77.311462,5138766432,0,0,0
2,138.800000,34.639583,138.803125,34.641667,4.2,77.528447,5138766433,0,0,0
2,138.803125,34.639583,138.806250,34.641667,4.2,68.996381,5138766434,0,0,0
2,138.806250,34.637500,138.809375,34.639583,4.2,68.779396,5138766441,0,0,0
2,138.809375,34.637500,138.812500,34.639583,4.2,76.578977,5138766442,0,0,0
2,138.806250,34.639583,138.809375,34.641667,4.2,76.795962,5138766443,0,0,0
2,138.809375,34.639583,138.812500,34.641667,4.2,68.263896,5138766444,0,0,0
2,138.812500,34.633333,138.815625,34.635417,4.2,67.612941,5138766511,0,0,0
2,138.815625,34.633333,138.818750,34.635417,4.2,75.412522,5138766512,0,0,0
2,138.812500,34.635417,138.815625,34.637500,4.2,76.361992,5138766513,0,0,0
2,138.815625,34.635417,138.818750,34.637500,4.2,67.829926,5138766514,0,0,0
2,138.818750,34.633333,138.821875,34.635417,4.2,66.880456,5138766521,0,0,0
2,138.821875,34.633333,138.825000,34.635417,4.2,74.680038,5138766522,0,0,0
2,138.818750,34.635417,138.821875,34.637500,4.2,75.629508,5138766523,0,0,0
2,138.821875,34.635417,138.825000,34.637500,4.2,67.097442,5138766524,0,0,0
2,138.812500,34.637500,138.815625,34.639583,4.2,68.046911,5138766531,0,0,0
2,138.815625,34.637500,138.818750,34.639583,4.2,75.846493,5138766532,0,0,0
2,138.812500,34.639583,138.815625,34.641667,4.2,76.063478,5138766533,0,0,0
2,138.815625,34.639583,138.818750,34.641667,4.2,67.531412,5138766534,0,0,0
2,138.818750,34.637500,138.821875,34.639583,4.2,67.314427,5138766541,0,0,0
2,138.825000,34.633333,138.828125,34.635417,4.2,66.147972,5138766611,0,0,0
2,138.828125,34.633333,138.831250,34.635417,4.2,73.947553,5138766612,0,0,0
2,138.825000,34.635417,138.828125,34.637500,4.2,74.897023,5138766613,0,0,0
2,138.771875,34.641667,138.775000,34.643750,4.2,79.942886,5138767122,0,0,0
2,138.771875,34.643750,138.775000,34.645833,4.2,70.895321,5138767124,0,0,0
2,138.768750,34.645833,138.771875,34.647917,4.2,78.179403,5138767141,0,0,0
2,138.771875,34.645833,138.775000,34.647917,4.2,69.647336,5138767142,0,0,0
2,138.768750,34.647917,138.771875,34.650000,4.2,68.399352,5138767143,0,0,0
2,138.771875,34.647917,138.775000,34.650000,4.2,76.198934,5138767144,0,0,0
2,138.775000,34.641667,138.778125,34.643750,4.2,71.41082,5138767211,0,0,0
2,138.778125,34.641667,138.781250,34.643750,4.2,79.210402,5138767212,0,0,0
2,138.775000,34.643750,138.778125,34.645833,4.2,78.694902,5138767213,0,0,0
2,138.778125,34.643750,138.781250,34.645833,4.2,70.162836,5138767214,0,0,0
2,138.781250,34.641667,138.784375,34.643750,4.2,70.678336,5138767221,0,0,0
2,138.781250,34.643750,138.784375,34.645833,4.2,77.962417,5138767223,0,0,0
2,138.784375,34.643750,138.787500,34.645833,4.2,69.430351,5138767224,0,0,0
2,138.775000,34.645833,138.778125,34.647917,4.2,77.446918,5138767231,0,0,0
2,138.778125,34.645833,138.781250,34.647917,4.2,68.914852,5138767232,0,0,0
2,138.775000,34.647917,138.778125,34.650000,4.2,67.666868,5138767233,0,0,0
2,138.778125,34.647917,138.781250,34.650000,4.2,75.466449,5138767234,0,0,0
2,138.781250,34.645833,138.784375,34.647917,4.2,76.714433,5138767241,0,0,0
2,138.784375,34.645833,138.787500,34.647917,4.2,68.182367,5138767242,0,0,0
2,138.781250,34.647917,138.784375,34.650000,4.2,66.934383,5138767243,0,0,0
2,138.784375,34.647917,138.787500,34.650000,4.2,74.733964,5138767244,0,0,0
2,138.787500,34.641667,138.790625,34.643750,4.2,69.945851,5138767311,0,0,0
2,138.790625,34.641667,138.793750,34.643750,4.2,77.745432,5138767312,0,0,0
2,138.787500,34.643750,138.790625,34.645833,4.2,77.229933,5138767313,0,0,0
2,138.790625,34.643750,138.793750,34.645833,4.2,68.697867,5138767314,0,0,0
2,138.793750,34.641667,138.796875,34.643750,4.2,69.213366,5138767321,0,0,0
2,138.796875,34.641667,138.800000,34.643750,4.2,77.012948,5138767322,0,0,0
2,138.793750,34.643750,138.796875,34.645833,4.2,76.497448,5138767323,0,0,0
2,138.796875,34.643750,138.800000,34.645833,4.2,67.965382,5138767324,0,0,0
2,138.787500,34.645833,138.790625,34.647917,4.2,75.981949,5138767331,0,0,0
2,138.790625,34.645833,138.793750,34.647917,4.2,67.449883,5138767332,0,0,0
2,138.787500,34.647917,138.790625,34.650000,4.2,66.201898,5138767333,0,0,0
2,138.790625,34.647917,138.793750,34.650000,4.2,74.00148,5138767334,0,0,0
2,138.793750,34.645833,138.796875,34.647917,4.2,75.249464,5138767341,0,0,0
2,138.796875,34.645833,138.800000,34.647917,4.2,66.717398,5138767342,0,0,0
2,138.793750,34.647917,138.796875,34.650000,4.2,65.469414,5138767343,0,0,0
2,138.796875,34.647917,138.800000,34.650000,4.2,73.268995,5138767344,0,0,0
2,138.800000,34.641667,138.803125,34.643750,4.2,68.480882,5138767411,0,0,0
2,138.803125,34.641667,138.806250,34.643750,4.2,76.280463,5138767412,0,0,0
2,138.800000,34.643750,138.803125,34.645833,4.2,75.764963,5138767413,0,0,0
2,138.803125,34.643750,138.806250,34.645833,4.2,67.232897,5138767414,0,0,0
2,138.806250,34.641667,138.809375,34.643750,4.2,67.748397,5138767421,0,0,0
2,138.809375,34.641667,138.812500,34.643750,4.2,75.547978,5138767422,0,0,0
2,138.806250,34.643750,138.809375,34.645833,4.2,75.032479,5138767423,0,0,0
2,138.800000,34.645833,138.803125,34.647917,4.2,74.516979,5138767431,0,0,0
2,138.771875,34.650000,138.775000,34.652083,4.2,66.418884,5138768122,0,0,0
2,138.771875,34.652083,138.775000,34.654167,4.2,80.037577,5138768124,0,0,0
2,138.771875,34.654167,138.775000,34.656250,4.2,75.12717,5138768142,0,0,0
2,138.775000,34.650000,138.778125,34.652083,4.2,74.218465,5138768211,0,0,0
2,138.778125,34.650000,138.781250,34.652083,4.2,65.686399,5138768212,0,0,0
2,138.775000,34.652083,138.778125,34.654167,4.2,71.505511,5138768213,0,0,0
2,138.778125,34.652083,138.781250,34.654167,4.2,79.305093,5138768214,0,0,0
2,138.781250,34.650000,138.784375,34.652083,4.2,73.48598,5138768221,0,0,0
2,138.784375,34.650000,138.787500,34.652083,4.2,81.285562,5138768222,0,0,0
2,138.781250,34.652083,138.784375,34.654167,4.2,70.773027,5138768223,0,0,0
2,138.784375,34.652083,138.787500,34.654167,4.2,78.572608,5138768224,0,0,0
2,138.775000,34.654167,138.778125,34.656250,4.2,66.595104,5138768231,0,0,0
2,138.778125,34.654167,138.781250,34.656250,4.2,74.394685,5138768232,0,0,0
2,138.778125,34.656250,138.781250,34.658333,4.2,69.484278,5138768234,0,0,0
2,138.781250,34.654167,138.784375,34.656250,4.2,65.862619,5138768241,0,0,0
2,138.787500,34.650000,138.790625,34.652083,4.2,72.753496,5138768311,0,0,0
2,138.790625,34.650000,138.793750,34.652083,4.2,80.553077,5138768312,0,0,0
2,138.787500,34.652083,138.790625,34.654167,4.2,70.040542,5138768313,0,0,0
3,1231
